gene_symbol	n_variants
NO_GENE_SYMBOL	9283
DUX4L19	246
DUX4L18	228
DUX4L17	196
DUX4L16	187
LINC01667	58
PABPC1P5	51
FRG2C	48
SLC9B1P1	41
Y_RNA	33
HLA-DRB6	32
ROCK1P1	30
LINC01320	29
FAM8A4P	26
PRAMEF33	26
DUX4L4	25
PRAMEF6	24
DNM1P47	22
LINC02449	21
MUC6	21
DUX4L34	19
DUX4L8	19
FRG2	19
MUC3A	19
PRAMEF1	19
PRR13P4	19
CDRT15P10	18
MUC4	18
FAM230C	17
HLA-DRB5	17
LINC01340	17
SDHAP3	17
IGHV2-70D	16
LINC00595	16
PRAMEF12	16
BAIAP2	15
LINC02148	15
NRXN1-DT	15
CDC27P2	14
LILRB1	14
LILRB2	14
LINC00299	14
LINC01435	14
LINC01830	14
RHPN2P1	14
SNRPG	14
CDC27P1	13
FAM8A1	13
FRG1BP	13
GTF2IRD1P1	13
LINC01322	13
LINC02055	13
LINC02113	13
LINC02208	13
PTCHD1-AS	13
RBFOX1	13
BAGE2	12
C17ORF50	12
IGHV3-20	12
INTS4P1	12
KIR2DL3	12
LINC01414	12
CHEK2P1	11
CMAHP	11
DAB1	11
EGLN3	11
FAM27E3	11
HLA-DRB1	11
LINC02572	11
METAZOA_SRP	11
MIR3681HG	11
PWRN1	11
EPIC1	10
FRG1HP	10
IL12A-AS1	10
LINC01060	10
LINC01500	10
LINC01754	10
LINC01927	10
LINC02885	10
LINC03006	10
LINC03036	10
MGC4859	10
MIR99AHG	10
MUC22	10
PRAMEF20	10
SOX2-OT	10
SPRY4-AS1	10
CASC15	9
CCNY-AS1	9
CIMIP3	9
CTBP2P1	9
FAM86B1	9
FAM8A2P	9
FTX	9
LRIG2-DT	9
LY6S-AS1	9
MUC16	9
PARP4P1	9
PRAMEF10	9
PRSS3P1	9
RABGEF1P1	9
SDHAP1	9
SGO1-AS1	9
SLC9B1P4	9
TRBV7-7	9
TUBB8B	9
XACT	9
ANKRD36BP2	8
CCDC144NL-AS1	8
DDT	8
EIF1P5	8
FAM182B	8
GTF2IP5	8
GXYLT1P2	8
HRNR	8
HYDIN2	8
IGHV1-2	8
LILRA4	8
LINC00402	8
LINC00472	8
LINC00882	8
LINC00908	8
LINC01182	8
LINC02177	8
LINC02646	8
LINC03000	8
LINC03021	8
LIPE-AS1	8
LIX1-AS1	8
LNC-LBCS	8
LOHAN2	8
MUC2	8
MYOSLID-AS1	8
PARP4P2	8
PGM5P2	8
PRANCR	8
SNHG27	8
TNRC6A	8
TRBV5-7	8
TRBV6-6	8
TRPM3	8
ZNF57	8
AGRN	7
COP1-DT	7
DPY19L1P1	7
FLJ40194	7
HELZ-AS1	7
ITGB1-DT	7
KMT2E-AS1	7
LINC01079	7
LINC01588	7
LINC01702	7
LINC02664	7
LINC02937	7
LINC02994	7
LINC03076	7
MAILR	7
MAP4K3-DT	7
MCCD1	7
MCPH1-DT	7
MIR548A1HG	7
MTND1P20	7
NRM	7
OLAH	7
OR6C7P	7
PABPC3	7
RFLNA	7
RNU6-70P	7
RPL21P13	7
SLC16A1-AS1	7
TM4SF1	7
TRBV7-4	7
TRBV7-6	7
TULP4	7
UNC93B8	7
VOPP1	7
WARS2-AS1	7
ZNF878	7
ALG1L6P	6
ANAPC1P4	6
ANKRD30BL	6
ANKRD62	6
ARAP3	6
B3GALT5-AS1	6
C4A	6
CAST	6
CDC27P3	6
CLEC2B	6
DSEL-AS1	6
FAM230H	6
FAM27C	6
FAM90A1	6
FLG	6
HAS2-AS1	6
HLA-C	6
HLA-E	6
IGHV4-28	6
KIR2DP1	6
LINC-PINT	6
LINC00273	6
LINC00578	6
LINC00581	6
LINC00609	6
LINC00632	6
LINC01399	6
LINC01900	6
LINC01968	6
LINC01982	6
LINC02006	6
LINC02073	6
LINC02324	6
LINC02613	6
LINC02715	6
LINC02882	6
LINP1	6
LIPJ	6
LITATS1	6
LRIG3-DT	6
MAD2L1-DT	6
MDC1	6
MEF2C-AS1	6
MIATNB	6
MXRA5Y	6
NAALADL2	6
NDST1-AS1	6
NPSR1-AS1	6
NRBP2	6
POLR2J4	6
PPP1R26-AS1	6
PRAMEF14	6
PRAMEF31P	6
PSMD14-DT	6
RAP2C-AS1	6
RASGEF1B	6
RNU6-1335P	6
SEC14L6	6
SLC35A3	6
SUN1	6
USP2-AS1	6
VWFP1	6
ZNF33CP	6
ABCA17P	5
ARRDC2	5
AVPR2	5
C1QTNF7-AS1	5
CCDC26	5
CCDST	5
CGB5	5
CIBAR1-DT	5
CICP4	5
CICP8	5
CLCNKA	5
CNN2P6	5
CROCCP2	5
CYP24A1	5
DDX12B	5
DISC1FP1	5
DUX4	5
ENTPD1-AS1	5
ETNK2	5
FAM230G	5
FAM25C	5
FAM86B3P	5
FIRRE	5
GACAT3	5
GNAO1-DT	5
GSDMD	5
H2AZ1-DT	5
HIVEP3	5
HLA-DQB2	5
HLA-H	5
HULC	5
IGHV1-45	5
IL12B-AS1	5
ING5	5
IP6K2	5
KIAA1671	5
LINC00115	5
LINC00159	5
LINC00276	5
LINC00310	5
LINC00378	5
LINC00393	5
LINC00648	5
LINC00865	5
LINC00934	5
LINC00944	5
LINC00973	5
LINC01036	5
LINC01090	5
LINC01117	5
LINC01122	5
LINC01237	5
LINC01376	5
LINC01416	5
LINC01426	5
LINC01524	5
LINC01597	5
LINC01827	5
LINC01933	5
LINC02147	5
LINC02223	5
LINC02240	5
LINC02241	5
LINC02336	5
LINC02337	5
LINC02458	5
LINC02745	5
LINC02840	5
LINC02934	5
LINC02964	5
LMNTD2	5
LNCTSI	5
LRRC37A17P	5
LY86-AS1	5
MEG8	5
MFSD14CP	5
MIR325HG	5
MIR3667HG	5
MIR646HG	5
MIR924HG	5
MUC20-OT1	5
NALCN-AS1	5
NDUFA12	5
NIHCOLE	5
NOP14	5
NTN3	5
OBI1-AS1	5
OR6B2	5
PABPC1	5
PANTR1	5
PDPR2P	5
PGAM1P5	5
PGAP6	5
PLA2G10DP	5
PLEC	5
PLEKHG1	5
POM121L9P	5
PPM1B-DT	5
PPP1R18	5
PRAMEF17	5
PRSS3	5
RABGEF1P2	5
RASA4CP	5
RFPL1S	5
RGS2-AS1	5
RN7SKP65	5
RNA5-8SP6	5
RNF38	5
RPS3AP50	5
RRS1-DT	5
RTCA-AS1	5
SBDS	5
SCAF8	5
SNRPA1P1	5
SOX9-AS1	5
SPEN-AS1	5
SPESP1	5
STAG2	5
STAG3L4	5
SUMF1	5
TESC-AS1	5
TRPM4	5
U3	5
UBL7-DT	5
UNC93B5	5
VIRMA-DT	5
VPS51P11	5
VPS51P2	5
VSTM2B-DT	5
WASH7P	5
ZNF467	5
ZNF652-AS1	5
ZNF771	5
ZNF815P	5
ZNF85	5
ZSCAN22	5
ZSWIM5	5
ABCA7	4
ACTP1	4
ACTR3-AS1	4
ACTR3BP1	4
ADAMTS9-AS2	4
AFF4-DT	4
AGAP14P	4
ANKRD30B	4
ASH2LP4	4
ASL	4
ATP8B1-AS1	4
B3GAT1-DT	4
BASP1-AS1	4
BSX	4
C2ORF68	4
CAV2-DT	4
CCDC66	4
CCNE1	4
CD209	4
CDK12	4
CHRND	4
CLEC18B	4
CLSPN-DT	4
CNIH3	4
COX10-DT	4
CPNE7	4
CRYBB2P1	4
CTSH	4
DANT2	4
DHCR24-DT	4
DNAJC27-AS1	4
DOCK9	4
DPY19L2P2	4
DRAIC	4
DSCR4	4
DUBR	4
DYNLRB2-AS1	4
ECI1	4
EIF4EBP1	4
EMCN	4
ESPNP	4
FAM238C	4
FAM66A	4
FAM86C1P	4
FGF18	4
FRG1JP	4
GGT6	4
GINS3	4
GOLGA6L10	4
GOLGA8DP	4
GOLGA8M	4
GUSBP1	4
HCN3	4
HCST	4
HEXIM2	4
HLA-DQA1	4
HLA-DQB1	4
HNRNPL	4
HRG-AS1	4
IGHG2	4
IGHV1-14	4
IGHV1-46	4
IGHV3-33	4
INIP	4
IRAIN	4
KANTR	4
KC6	4
KCNE4	4
KCNJ12	4
KCNS3	4
KPNB1-DT	4
KRT42P	4
LDOC1	4
LHX1-DT	4
LINC00506	4
LINC00536	4
LINC00857	4
LINC01013	4
LINC01055	4
LINC01088	4
LINC01091	4
LINC01115	4
LINC01150	4
LINC01285	4
LINC01409	4
LINC01410	4
LINC01456	4
LINC01482	4
LINC01508	4
LINC01515	4
LINC01562	4
LINC01634	4
LINC01644	4
LINC01684	4
LINC01687	4
LINC01716	4
LINC01725	4
LINC01789	4
LINC01836	4
LINC01911	4
LINC01934	4
LINC01999	4
LINC02018	4
LINC02101	4
LINC02109	4
LINC02125	4
LINC02145	4
LINC02196	4
LINC02226	4
LINC02267	4
LINC02356	4
LINC02550	4
LINC02580	4
LINC02604	4
LINC02693	4
LINC02698	4
LINC02733	4
LINC02761	4
LINC02899	4
LINC02945	4
LINC02955	4
LINC03142	4
LRTM2	4
LUCAT1	4
MAP1LC3C	4
MARCHF10-DT	4
MCL1	4
MDS2	4
MIR4300HG	4
MIR4435-2HG	4
MRPS30-DT	4
MUC21	4
NBPF17P	4
NDEL1	4
NDUFA6-DT	4
NECTIN1-DT	4
NES	4
NPEPPSP1	4
NR2F2-AS1	4
NSMCE1-DT	4
NUMBL	4
OR9G1	4
PABPC5-AS1	4
PARAIL	4
PDE4DIPP2	4
PER1	4
PFAS	4
PGLYRP3	4
PI4KA	4
PIK3IP1-DT	4
PKD1P2	4
PKN2-AS1	4
PLCL1	4
POTEH	4
PPIAP31	4
PPL	4
PPP1R12A-AS2	4
PPP1R1C	4
PRAMEF7	4
PRSS2	4
PSMC6	4
PSMD7-DT	4
PSORS1C2	4
PTCSC3	4
RELL2	4
RMST	4
RN7SL70P	4
RNU6-362P	4
RPL11P5	4
RRM2	4
RRM2B	4
RRN3P2	4
RUNX1	4
SASH1	4
SATB1-AS1	4
SCGB1C1	4
SCP2	4
SCT	4
SDF2	4
SEC14L4	4
SEM1	4
SH2D2A	4
SH2D5	4
SIRT7	4
SLC38A4-AS1	4
SNHG14	4
SNHG16	4
SNHG20	4
SOX5	4
SRGAP2C	4
SSPOP	4
ST7-AS2	4
STXBP5-AS1	4
SYNPR	4
TBC1D3P6	4
TESHL	4
TIGAR	4
TLE1-DT	4
TMEM220-AS1	4
TMEM82	4
TRAPPC6A	4
TRIP4	4
TTC5	4
TUBA1B-AS1	4
TUBB7P	4
UBE2H-DT	4
UBE2Q2P1	4
UQCRHL	4
VLDLR-AS1	4
XXYLT1	4
ZMIZ1-AS1	4
ZNF295-AS1	4
ZNF788P	4
ZNF844	4
ZNF98	4
ACTB	3
ADPGK-AS1	3
AGA-DT	3
AJUBA	3
ALKBH1	3
ALOX5AP	3
AMD1	3
ANAPC1P2	3
ANKEF1	3
AP1S3	3
AP2A1	3
AP3D1	3
ARFGEF1-DT	3
ARHGAP29-AS1	3
ARHGDIG	3
ARHGEF2-AS1	3
ARMT1	3
ASB3	3
ASB9P1	3
ATG4D	3
ATP8A2P3	3
BANCR	3
BDNF-AS	3
BECN2	3
BEND6	3
BGLAP	3
BLOC1S3	3
BRWD1P1	3
C12ORF42	3
C2	3
C2ORF42	3
C3P1	3
C4B	3
C6ORF58	3
CALM2P1	3
CALR	3
CASC19	3
CASC9	3
CASTOR3P	3
CCDC158	3
CCDC194	3
CCDC90B-AS1	3
CCT6P3	3
CD37	3
CD70	3
CDC14C	3
CDK5R2-AS1	3
CEACAM22P	3
CEP170P1	3
CFAP418-AS1	3
CFLAR	3
CHD1-DT	3
CHD5	3
CIBAR2	3
CICP11	3
CLDN10-AS1	3
COL14A1	3
COPS9	3
CORO1A	3
COX4I1	3
COX5A	3
CPPED1	3
CROCCP3	3
CRYGC	3
CTDP1-DT	3
CYP2D8P	3
CYP2S1	3
CYP4F29P	3
DEFB122	3
DELEC1	3
DHX16	3
DHX34	3
DLX2-DT	3
DLX4	3
DNAH3	3
DNAJC27	3
DNHD1	3
DPH6-DT	3
DPPA4	3
DUX4L37	3
DVL3	3
DYNLL1	3
DYNLT2	3
E2F4	3
EBP	3
ECEL1P2	3
EDC3	3
EIF3E	3
EIF4A2P1	3
ELAVL1	3
ELOA-AS1	3
EPB41L4A	3
EPB41L5	3
EPCAM-DT	3
EPCIP-AS1	3
ERRFI1-DT	3
ERVH-1	3
EXOSC2	3
F11	3
FABP6-AS1	3
FAM153CP	3
FAM174A-DT	3
FAM200A	3
FAM230E	3
FAM86KP	3
FAM90A27P	3
FANCA	3
FBLIM1	3
FBXW5	3
FCGBP	3
FERMT2	3
FGGY-DT	3
FITM1	3
FRG1-DT	3
FRMD6-AS2	3
FSCN1	3
FSTL3	3
FTH1P6	3
GABBR1	3
GADD45GIP1	3
GAPVD1	3
GATA6-AS1	3
GATC	3
GIGYF1	3
GMDS-DT	3
GNB1L	3
GOLGA6L2	3
GOLGA8CP	3
GPAT4-AS1	3
GPBP1L1	3
GREB1L-DT	3
GRM5P1	3
GSR	3
GTF2I-AS1	3
GZMH-AS1	3
H4C11	3
HCCS-DT	3
HERC2P3	3
HMGA1P4	3
HMGCL	3
HPDL	3
HPYR1	3
HRAS	3
HSPA2	3
HSPB1	3
HUS1	3
IER5L-AS1	3
IGHD3-3	3
IGHV1-69	3
IL17RE	3
IL9RP4	3
INTS13	3
ITPKA	3
KAZN-AS1	3
KCNH5	3
KCNK15-AS1	3
KCTD21-AS1	3
KDM4C	3
KIAA1586	3
KLHL26	3
KMT5B	3
KRT16P3	3
KRT18P55	3
KRT8P25	3
L1TD1	3
LAPTM5	3
LASP1	3
LCN1P1	3
LETR1	3
LFNG	3
LIMS2	3
LINC00205	3
LINC00229	3
LINC00334	3
LINC00339	3
LINC00355	3
LINC00412	3
LINC00440	3
LINC00486	3
LINC00504	3
LINC00540	3
LINC00607	3
LINC00630	3
LINC00636	3
LINC00665	3
LINC00680	3
LINC00858	3
LINC00861	3
LINC00869	3
LINC00877	3
LINC00907	3
LINC00910	3
LINC00922	3
LINC00937	3
LINC00960	3
LINC00970	3
LINC01031	3
LINC01056	3
LINC01121	3
LINC01163	3
LINC01164	3
LINC01169	3
LINC01202	3
LINC01204	3
LINC01208	3
LINC01239	3
LINC01250	3
LINC01266	3
LINC01284	3
LINC01299	3
LINC01331	3
LINC01339	3
LINC01346	3
LINC01418	3
LINC01446	3
LINC01470	3
LINC01473	3
LINC01476	3
LINC01483	3
LINC01511	3
LINC01517	3
LINC01556	3
LINC01571	3
LINC01572	3
LINC01582	3
LINC01592	3
LINC01618	3
LINC01625	3
LINC01630	3
LINC01640	3
LINC01643	3
LINC01666	3
LINC01701	3
LINC01712	3
LINC01740	3
LINC01749	3
LINC01755	3
LINC01818	3
LINC01823	3
LINC01828	3
LINC01839	3
LINC01841	3
LINC01885	3
LINC01926	3
LINC01945	3
LINC01977	3
LINC01992	3
LINC01994	3
LINC02008	3
LINC02088	3
LINC02112	3
LINC02198	3
LINC02200	3
LINC02201	3
LINC02220	3
LINC02237	3
LINC02306	3
LINC02307	3
LINC02335	3
LINC02355	3
LINC02384	3
LINC02450	3
LINC02476	3
LINC02490	3
LINC02511	3
LINC02513	3
LINC02542	3
LINC02608	3
LINC02627	3
LINC02661	3
LINC02663	3
LINC02737	3
LINC02755	3
LINC02789	3
LINC02832	3
LINC02851	3
LINC02887	3
LINC02895	3
LINC02901	3
LINC02948	3
LINC02999	3
LINC03011	3
LINC03019	3
LINC03033	3
LINC03041	3
LINC03062	3
LINC03141	3
LLGL2	3
LMCD1-AS1	3
LNCAROD	3
LNCOC1	3
LRCH4	3
LRRC8C-DT	3
LRRFIP1P1	3
LRRN4CL	3
LSM2P1	3
LSM3P3	3
LY6D	3
MAML2	3
MAPRE1	3
MATN2	3
MBNL1	3
MECP2	3
MED15	3
MFSD10	3
MIR193BHG	3
MIR3171HG	3
MIR34AHG	3
MIR4500HG	3
MIR4509-3	3
MIR4527HG	3
MIR497HG	3
MIR9-2HG	3
MIRLET7BHG	3
MMADHC-DT	3
MOSPD3	3
MPV17L2P1	3
MSH2	3
MTCL1	3
MTDHP4	3
MTMR9	3
MUCL1	3
MYO5BP3	3
NBPF21P	3
NBPF25P	3
NDFIP2-AS1	3
NEBL	3
NEPRO-AS1	3
NF2	3
NHSL1-AS1	3
NKAIN4	3
NLRP12	3
NOC2LP2	3
NODAL	3
NPIPA9	3
NR2F1-AS1	3
NRN1L	3
NUTM2B-AS1	3
OR4F28P	3
P3H2-AS1	3
P4HTM	3
PCNT	3
PDE7B-AS1	3
PDGFDDN	3
PDIA6	3
PDIK1L	3
PDXDC2P-NPIPB14P	3
PGBD4P5	3
PKD1L2	3
PLEKHM1P1	3
PLEKHO1	3
PLEKHO2	3
PLPP7	3
PLUT	3
PNMA5	3
POLE4P1	3
POLR2J2	3
POLRMTP1	3
POM121L15P	3
POM121L4P	3
PPCDC	3
PPIA	3
PPIAP53	3
PPP1R2	3
PRAM1	3
PRAME	3
PRAMEF15	3
PRDX3	3
PRR12	3
PSG11-AS1	3
PSMA6P3	3
PTMAP3	3
PTP4A2	3
PTPN23	3
PURPL	3
PVT1	3
PWRN4	3
PYDC2-AS1	3
RALGPS1	3
RASA4	3
RBBP8-AS1	3
RBPJL	3
RCN3	3
RFX1	3
RHOBTB2	3
RIF1	3
RILPL2	3
RN7SL549P	3
RNA5-8SP2	3
RNF223	3
RNF224	3
RNU6-234P	3
RNU6-63P	3
RNU7-22P	3
RNY4P27	3
RORB-AS1	3
RPL23AP7	3
RPL34P27	3
RPL35AP34	3
RPN1	3
RRP9	3
RYBP	3
SAGE4P	3
SALL4P5	3
SCARB1	3
SCN1A-AS1	3
SCOC-AS1	3
SERPINA12	3
SERPINE1	3
SFTA3	3
SFTPA1	3
SHD	3
SIGLEC10	3
SIL1	3
SILC1	3
SLC25A23	3
SLC2A8	3
SLC30A10	3
SLC35G3	3
SLC35G4	3
SLC39A3	3
SLC44A4	3
SLC52A1	3
SLC5A2	3
SLC5A4-AS1	3
SLC7A7	3
SLC8A1-AS1	3
SMIM20	3
SMIM47	3
SMOX	3
SMPD4BP	3
SMTNL2	3
SP2-AS1	3
SP4	3
SPANXA2-OT1	3
SPIN3	3
SPINDOC	3
SPTLC1	3
SRARP	3
SRPK2	3
SSBP3P3	3
SSMEM1	3
STAG1-DT	3
SYCE3	3
TBKBP1	3
TCF19	3
TCF20	3
TCL6	3
TEKT4P2	3
TENM3-AS1	3
TEX26-AS1	3
TEX44	3
TFPI	3
THRB-AS1	3
TIALD	3
TMDD1	3
TMEM14B	3
TMEM191A	3
TMEM202-AS1	3
TMEM271	3
TMIGD1	3
TPRXL	3
TPX2	3
TRBV4-2	3
TRIM16L	3
TROAP	3
TSBP1-AS1	3
TTC39A	3
TTN	3
TUBB2B	3
TWF1P1	3
U6	3
UPK3A	3
UPP2	3
USP41P	3
UTP3	3
VAMP9P	3
VASH1-DT	3
VENTXP1	3
VPS51P12	3
WASH8P	3
WIPF2	3
WWC2-AS2	3
XPO4	3
ZDHHC11	3
ZFHX3-AS1	3
ZFP69B-DT	3
ZKSCAN2-DT	3
ZMYM3	3
ZNF114	3
ZNF286A	3
ZNF460-AS1	3
ZNF469	3
ZNF496-DT	3
ZNF516	3
ZNF677	3
ZNF700	3
ZNF702P	3
ZNF730	3
ZNF77	3
ZNF786	3
ZNF833P	3
ZNF880	3
ZRANB2-DT	3
A2ML1-AS1	2
AACSP1	2
ABCA11P	2
ABCA12	2
ABCB5	2
ACRV1	2
ACTBP9	2
ACTC1	2
ADAMTS10	2
ADAMTS12	2
ADAMTS7P4	2
ADCY10P1	2
ADD3-AS1	2
ADGRE3	2
ADGRE5	2
ADGRG1	2
AFDN-DT	2
AGK-DT	2
AGRP	2
AHNAK2	2
AHSA2P	2
AIMP2	2
AK4P6	2
AK6	2
ALCAM	2
ALDH4A1	2
ALDH9A1	2
ALG1L9P	2
ALKBH5	2
ALOX12P2	2
AMDHD1	2
AMN1	2
ANAPC5	2
ANKRD20A21P	2
ANKRD20A5P	2
ANKRD20A8P	2
ANKRD44	2
ANO7	2
ANP32E	2
ANXA9	2
AP1M2	2
APAF1	2
APOBEC4	2
APOC4	2
APOL5	2
APOO	2
AQP11	2
ARAF	2
ARAP2	2
ARHGAP12	2
ARHGAP21	2
ARHGAP25	2
ARHGAP39	2
ARHGAP42P1	2
ARHGEF18-AS1	2
ARK2N	2
ARMC1	2
ARMC5	2
ARRDC5	2
ARSA	2
ARSH	2
ART1	2
ASAH2B	2
ASH1L	2
ASMER1	2
ASXL2	2
ATAT1	2
ATOX1	2
ATP2B1-AS1	2
ATP5MC1	2
ATP5MC2	2
ATP5MGL	2
ATP6V0C	2
ATP6V1G2	2
ATP8B5P	2
ATP9B	2
ATXN2-AS	2
AURKAIP1	2
AUTS2	2
AZU1	2
B3GNT8	2
B4GALNT1	2
BANP	2
BBC3	2
BBS9	2
BCL9	2
BCS1L	2
BHLHE40-AS1	2
BLOC1S4	2
BMP6	2
BMS1P1	2
BMS1P20	2
BORCS8	2
BRAT1	2
BRD7P7	2
BRI3	2
BSG-AS1	2
BTF3P14	2
BTG1-DT	2
C11ORF52	2
C11ORF86	2
C16ORF89	2
C16ORF95	2
C17ORF113	2
C17ORF114	2
C19ORF38	2
C1D	2
C1QL4	2
C2ORF74-AS1	2
C3ORF33	2
C5ORF22	2
C5ORF67	2
C6ORF132	2
C6ORF62	2
C8ORF44	2
C8ORF82	2
CACFD1	2
CACNG1	2
CACNG2	2
CACNG2-DT	2
CALCRL-AS1	2
CALY	2
CAMLG	2
CAND2	2
CAPN10	2
CAPN7	2
CARM1P1	2
CARMAL	2
CARMIL2P1	2
CASC11	2
CASC2	2
CASKIN1	2
CASS4	2
CAVIN2-AS1	2
CAVIN4	2
CBX7	2
CBY1	2
CBY3	2
CCDC144NL	2
CCDC150	2
CCDC171	2
CCDC175	2
CCDC88B	2
CCL25	2
CCNO	2
CCNT2-AS1	2
CD300LF	2
CD52	2
CD8B	2
CDC45	2
CDH11	2
CDK19	2
CDK6-AS1	2
CDRT15L2	2
CDT1	2
CDX4	2
CELF2-DT	2
CELF5	2
CEMIP	2
CENPE	2
CEP95	2
CES1P1	2
CFAP20DC-DT	2
CFAP44	2
CFAP97D1	2
CFAP97P1	2
CFL1	2
CFTRP3	2
CGB2	2
CGB3	2
CHASERR	2
CHD6	2
CHEK2P3	2
CHKB-DT	2
CHMP1B2P	2
CHMP6	2
CIPC	2
CLDN11	2
CLDN15	2
CLEC12A-AS1	2
CLEC16A	2
CLEC19A	2
CLEC4C	2
CLPS	2
CMKLR2-AS	2
CNN2P7	2
CNN3-DT	2
CNPPD1	2
CNPY2	2
CNTNAP3P2	2
COL1A2	2
COL6A1	2
COL6A5	2
COPS7A	2
COPS8-DT	2
COTL1	2
COX4I2	2
COX6B2	2
COX7A1	2
COX7A2L	2
CPLANE1	2
CPLX1	2
CRACR2A	2
CRHBP	2
CROCC	2
CSN1S2AP	2
CSNK1D	2
CST9LP2	2
CSTF3-DT	2
CT45A11P	2
CTAGE8	2
CTCF	2
CTSC	2
CTSL	2
CTSS	2
CWC15	2
CXCL13	2
CXCL16	2
CXXC4-AS1	2
CYB5D2	2
CYFIP2	2
CYKILR	2
CYP1A1	2
CYP1A2	2
CYS1	2
DACH2	2
DACT2	2
DAP3P1	2
DARS1-AS1	2
DBX2-AS1	2
DCAF12	2
DCAF8L2	2
DDHD1-DT	2
DDX59-AS1	2
DEF6	2
DENND1C	2
DET1	2
DFFA	2
DGKZ	2
DIO2-AS1	2
DIRC3	2
DKKL1P1	2
DLEU1	2
DLG5	2
DLX6-AS1	2
DMBT1L1	2
DMXL1-DT	2
DNA2	2
DNAAF1	2
DNAH7	2
DNAJC12	2
DNASE1	2
DNM1L	2
DOCK8	2
DOT1L	2
DPF1	2
DPH6	2
DRD4	2
DSTN	2
DTX2	2
DTX2P1	2
DUSP12	2
DUSP6	2
DXO	2
DYM	2
DYNAPP3	2
DYNC1H1	2
DYNLL2-DT	2
E2F2	2
ECE1	2
ECE1-AS1	2
ECI2-DT	2
ECM1P1	2
EDF1	2
EEA1	2
EEF1A1P38	2
EEF2	2
EFCAB13-DT	2
EHD1	2
EI24P2	2
EIF1AD	2
EIF3C	2
EIF3LP2	2
EIF4EBP3	2
EMBP1	2
EMC6	2
EMILIN3	2
EML4-AS1	2
ENPP7P14	2
ENPP7P7	2
ENTPD2	2
ENTPD4-DT	2
EPDR1	2
EPS8L1	2
ERFE	2
ERGIC3	2
ESYT2	2
ETFA	2
EVA1C	2
EVA1CP4	2
EVI5	2
EWSAT1	2
F11-AS1	2
F11R	2
FAM107A	2
FAM111B	2
FAM149B1	2
FAM151AP1	2
FAM169BP	2
FAM182A	2
FAM193B-DT	2
FAM209A	2
FAM209B	2
FAM20C	2
FAM220A	2
FAM222B	2
FAM230B	2
FAM242A	2
FAM25A	2
FAM3C2P	2
FAM53A	2
FAM72A	2
FAM76AP1	2
FAM83H	2
FAM86DP	2
FAM88E	2
FAM90A12	2
FANCC	2
FASTKD1	2
FBF1	2
FBXL12	2
FBXO27	2
FBXW10	2
FER1L6-AS2	2
FGD3	2
FGD4	2
FGD5	2
FGFBP3	2
FIRRM	2
FKBP14	2
FKBP9	2
FLG2	2
FLJ40288	2
FLJ43315	2
FMNL1-DT	2
FMO1-AS1	2
FMO6P	2
FNIP1	2
FNTA	2
FOXA3	2
FOXD4L1	2
FOXE3	2
FOXH1	2
FOXO6	2
FTH1	2
FUNDC1	2
FXYD4	2
G2E3-AS1	2
G3BP1	2
GABRA1	2
GAGE2E	2
GAL3ST1	2
GAL3ST2	2
GALC	2
GALNT8	2
GAPDHP24	2
GAPLINC	2
GARNL3	2
GAS2L2	2
GATA4	2
GBA1LP	2
GBGT1	2
GBP2	2
GCC2	2
GCNT2	2
GDAP1	2
GDNF-AS1	2
GEM	2
GEMIN6	2
GFRA1	2
GGN	2
GGTLC2	2
GHDC	2
GIMAP8	2
GIPR	2
GK	2
GLA	2
GNAS	2
GNG12-AS1	2
GNG5	2
GNL2	2
GOLGA2	2
GOLGA2P8	2
GOLGA6L17P	2
GOLGA7B-DT	2
GOLGA8J	2
GOLGA8S	2
GOLIM4	2
GOLPH3	2
GOSR2-DT	2
GOT1-DT	2
GOT2	2
GP1BB	2
GP5	2
GPAT3	2
GPR84-AS1	2
GRAPL-AS1	2
GRB2	2
GRHL1	2
GRHL2-DT	2
GRK3-AS1	2
GRK7	2
GRM4	2
GRXCR2	2
GS1-204I12.4	2
GS1-24F4.2	2
GSK3B-DT	2
GSTT2	2
GTF2B	2
GTF2E2	2
GTF2F2P2	2
GTF2IP2	2
GTF2IP4	2
GTF3A	2
GTF3C6	2
GTPBP3	2
GTSCR1	2
GUSBP11	2
GUSBP5	2
GZMM	2
H1-10-AS1	2
H2BC9	2
H3C13	2
H3C14	2
HAS1	2
HAUS6	2
HCN2	2
HDAC11	2
HDAC2-AS2	2
HEATR1	2
HEBP1	2
HECTD2-AS1	2
HEIH	2
HELB	2
HELZ	2
HILPDA	2
HIVEP1	2
HLA-B	2
HLA-DRA	2
HMMR	2
HMOX1	2
HNF1A-AS1	2
HPR	2
HSD3B2	2
HSP90AA1	2
HSP90AA3P	2
HSPA1B	2
HSPA1L	2
HSPA5	2
HSPD1P4	2
HTR1E	2
HTR3B	2
HTR3D	2
HTT-AS	2
HYAL1	2
HYOU1	2
IARS1	2
ID1	2
IDH2-DT	2
IDH3G	2
IDO2	2
IGF2BP3	2
IGFN1	2
IGHG1	2
IGHV1-69D	2
IGHV4-59	2
IL12RB2	2
IL17REL	2
IL27RA	2
IL6ST	2
IL9RP2	2
ING2-DT	2
INSYN1	2
INTS1	2
IP6K1	2
IQCG	2
IRX3	2
ITFG2-AS1	2
ITGB3	2
JAK3	2
JDP2-AS1	2
KANK1	2
KANK2	2
KANSL3	2
KARS1P3	2
KASH5	2
KAT2B	2
KAZN	2
KCNA2	2
KCNH3	2
KCNIP1	2
KCNJ18	2
KCNJ8-AS1	2
KCNN1	2
KCTD10	2
KCTD7	2
KDM2B	2
KDM3A	2
KHDC3L	2
KIAA2013	2
KIF11	2
KIF26A-DT	2
KIF5B	2
KIF9-AS1	2
KIR2DL4	2
KLHDC9	2
KLHL20	2
KPNB1	2
KRIT1	2
KRT127P	2
KRT18P1	2
KRT18P39	2
KRT6C	2
KRTAP4-9	2
KRTAP6-1	2
KSR1P1	2
L3HYPDH	2
LALTOP	2
LARGE1	2
LARP1BP1	2
LBX1-AS1	2
LCE1B	2
LCN15	2
LERFS	2
LHFPL2	2
LILRB3	2
LIN28B	2
LIN28B-AS1	2
LIN52	2
LINC00174	2
LINC00210	2
LINC00327	2
LINC00345	2
LINC00426	2
LINC00433	2
LINC00437	2
LINC00458	2
LINC00467	2
LINC00511	2
LINC00518	2
LINC00533	2
LINC00539	2
LINC00571	2
LINC00587	2
LINC00598	2
LINC00603	2
LINC00621	2
LINC00624	2
LINC00639	2
LINC00661	2
LINC00667	2
LINC00670	2
LINC00692	2
LINC00824	2
LINC00836	2
LINC00845	2
LINC00887	2
LINC00895	2
LINC00905	2
LINC00924	2
LINC00927	2
LINC00941	2
LINC00955	2
LINC00958	2
LINC00992	2
LINC01010	2
LINC01039	2
LINC01049	2
LINC01052	2
LINC01080	2
LINC01081	2
LINC01094	2
LINC01098	2
LINC01099	2
LINC01104	2
LINC01118	2
LINC01126	2
LINC01128	2
LINC01149	2
LINC01162	2
LINC01165	2
LINC01203	2
LINC01226	2
LINC01242	2
LINC01257	2
LINC01315	2
LINC01352	2
LINC01356	2
LINC01387	2
LINC01389	2
LINC01392	2
LINC01411	2
LINC01429	2
LINC01451	2
LINC01461	2
LINC01471	2
LINC01478	2
LINC01484	2
LINC01492	2
LINC01507	2
LINC01518	2
LINC01539	2
LINC01546	2
LINC01563	2
LINC01564	2
LINC01581	2
LINC01605	2
LINC01609	2
LINC01641	2
LINC01681	2
LINC01704	2
LINC01707	2
LINC01721	2
LINC01722	2
LINC01724	2
LINC01744	2
LINC01766	2
LINC01798	2
LINC01801	2
LINC01802	2
LINC01807	2
LINC01811	2
LINC01824	2
LINC01837	2
LINC01843	2
LINC01846	2
LINC01847	2
LINC01857	2
LINC01876	2
LINC01882	2
LINC01937	2
LINC01949	2
LINC01956	2
LINC01979	2
LINC02053	2
LINC02069	2
LINC02079	2
LINC02087	2
LINC02091	2
LINC02105	2
LINC02111	2
LINC02133	2
LINC02151	2
LINC02172	2
LINC02176	2
LINC02182	2
LINC02188	2
LINC02204	2
LINC02219	2
LINC02233	2
LINC02268	2
LINC02275	2
LINC02284	2
LINC02298	2
LINC02320	2
LINC02323	2
LINC02334	2
LINC02341	2
LINC02349	2
LINC02350	2
LINC02369	2
LINC02373	2
LINC02380	2
LINC02387	2
LINC02406	2
LINC02422	2
LINC02452	2
LINC02472	2
LINC02492	2
LINC02505	2
LINC02516	2
LINC02519	2
LINC02522	2
LINC02531	2
LINC02552	2
LINC02559	2
LINC02570	2
LINC02575	2
LINC02577	2
LINC02607	2
LINC02611	2
LINC02615	2
LINC02632	2
LINC02665	2
LINC02669	2
LINC02671	2
LINC02676	2
LINC02694	2
LINC02741	2
LINC02742	2
LINC02762	2
LINC02763	2
LINC02768	2
LINC02773	2
LINC02775	2
LINC02779	2
LINC02796	2
LINC02810	2
LINC02842	2
LINC02853	2
LINC02929	2
LINC02941	2
LINC02970	2
LINC02982	2
LINC02987	2
LINC02988	2
LINC03007	2
LINC03013	2
LINC03072	2
LINC03073	2
LINC03077	2
LINC03111	2
LINC03124	2
LINC03140	2
LINGO1	2
LIPC	2
LMAN1L	2
LNCOG	2
LNCRNA-IUR	2
LPIN2	2
LRFN3	2
LRP5	2
LRRC36	2
LRRC43	2
LRRC51	2
LRRC71	2
LRRC73	2
LRRC74B	2
LRRC8D	2
LRRD1	2
LSAMP	2
LUC7L2	2
LURAP1L-AS1	2
LUZP4P1	2
LYPLA1	2
LYPLA2P1	2
LYPLAL1-AS1	2
MACC1-OT1	2
MACROH2A2	2
MAGEA4	2
MAL-AS1	2
MAMSTR	2
MAPK1	2
MAPK6	2
MARK2P11	2
MBNL3	2
MBTPS1	2
MCM10	2
MCM3AP	2
MCM9	2
MCPH1-AS1	2
MCRIP1	2
MECR	2
MED9	2
MEF2C-AS2	2
MEIS3P2	2
MEP1AP4	2
METTL13	2
METTL21A	2
MFAP3	2
MFSD13B	2
MFSD3	2
MGST1	2
MICOS10-DT	2
MID2	2
MIR100HG	2
MIR124-2HG	2
MIR1273C	2
MIR29B2CHG	2
MIR302CHG	2
MIR378F	2
MIR4307HG	2
MIR4422HG	2
MIR548BAHG	2
MIR670HG	2
MIS18A	2
MISP3	2
MLF1-DT	2
MN1	2
MOB1B	2
MOCS1	2
MOG	2
MOGAT3	2
MPV17L2	2
MRGPRD	2
MRO	2
MRPS18B	2
MRPS9-AS2	2
MSANTD2-AS1	2
MSC-AS1	2
MSL3-DT	2
MSRA-DT	2
MSTO1	2
MTIF3	2
MTO1	2
MTR	2
MUC19	2
MUC5B	2
MYADM-AS1	2
MYH9	2
MYL3	2
MYL5	2
MZF1-AS1	2
NAALADL1	2
NAIF1	2
NANOGNB	2
NAPEPLD	2
NAPGP2	2
NARF	2
NAV3	2
NCOA4P4	2
NCOA6	2
NDUFA3	2
NDUFA3P3	2
NDUFAF1	2
NDUFAF6	2
NEB	2
NEDD4L	2
NEIL2	2
NEK4P3	2
NETO1	2
NEU2	2
NEUROG3	2
NF1P6	2
NGFR-AS1	2
NHS	2
NIN	2
NIPSNAP1	2
NKX1-2	2
NKX6-2	2
NLRP13	2
NME2	2
NMRAL2P	2
NNT-AS1	2
NOC2LP1	2
NOL12	2
NOL4L-DT	2
NOP58	2
NOVA1-DT	2
NPHS1	2
NPIPA1	2
NPIPA2	2
NPIPB5	2
NPM2	2
NPW	2
NQO1	2
NRAD1	2
NREP-AS1	2
NRG4	2
NRTN	2
NSL1	2
NTSR1	2
NUCKS1	2
NUDT22	2
NUP205	2
NUP50	2
NUP58	2
NUP98	2
NYAP1	2
OGDH	2
OGFOD2	2
OLMALINC	2
OOEP-AS1	2
OPLAH	2
OR13K1P	2
OR14I1	2
OR1L8	2
OR2L6P	2
OR4A10P	2
OR4C7P	2
OR4D10	2
OR4D6	2
OR5C1	2
OR7E1P	2
OR8S1	2
ORC2	2
OSBPL5	2
OSTCP2	2
OSTM1	2
OTOP2	2
OVCH1-AS1	2
P2RX7	2
P4HA1	2
PABIR1	2
PACSIN1	2
PAOX	2
PARP10	2
PCAT1	2
PCAT19	2
PCBP1-AS1	2
PCDHB1-AS1	2
PCDHB4	2
PCDHGB1	2
PCGF3	2
PCMTD1-DT	2
PCNPP4	2
PCYT1B	2
PDCD7	2
PDIA2	2
PDRG1	2
PECR	2
PGAP2	2
PGGT1BP2	2
PGR-AS1	2
PHC3	2
PHF12	2
PHF13	2
PHKG1P2	2
PHKG1P3	2
PIDD1	2
PIEZO1P1	2
PIN1	2
PIPOX	2
PITX1-AS1	2
PKD1	2
PKDREJ	2
PKMP1	2
PLA2G1B	2
PLBD1-AS1	2
PLEKHB2	2
PLIN2	2
PLPP3	2
PMS2P11	2
PMS2P3	2
PNPLA8	2
POLE	2
POLR2J3	2
POLR3A	2
POT1	2
POT1-AS1	2
POU5F1	2
POU5F1B	2
PPIAP60	2
PPIAP68	2
PPIC	2
PPP1R11P1	2
PPP1R2B	2
PPP1R3B-DT	2
PPP1R8	2
PRAMEF18	2
PRAMEF19	2
PRAMEF28P	2
PRAMEF30P	2
PRELP	2
PRIM2BP	2
PRR19	2
PRR23C	2
PSORS1C3	2
PTCSC2	2
PTENP1	2
PTGER4	2
PTGES3L	2
PTH2R	2
PTPRH	2
PTPRS-AS1	2
PUDP	2
PURB	2
PUS10	2
PXK	2
PXMP4	2
QKILA	2
QRICH1	2
QTRT1	2
RAB10	2
RAB11FIP5	2
RAB33B-AS1	2
RAB3D	2
RAB40AL	2
RAB43	2
RAB6A	2
RABAC1	2
RABGEF1	2
RAC1	2
RAD52	2
RAD9A	2
RAD9B	2
RAF1	2
RAI1	2
RAP1GAP2	2
RAPGEF2	2
RAPGEF3	2
RAPGEF4-AS1	2
RAPGEFL1	2
RASSF2	2
RB1CC1	2
RBISP1	2
RBM15-AS1	2
RBM23	2
RBM25	2
RBM25-AS1	2
RBM39	2
RBMS3-AS3	2
RBMXL1	2
RBMXP2	2
RCE1	2
RD3	2
RDM1	2
RDUR	2
REC8	2
RECK	2
RENBP	2
RETSAT	2
REXO1L11P	2
RFWD3	2
RFX2	2
RFX3-DT	2
RGPD3	2
RHBDD2	2
RHBG	2
RIMBP3	2
RIPOR3	2
RMEL3	2
RN7SKP2	2
RN7SL131P	2
RN7SL14P	2
RN7SL282P	2
RN7SL371P	2
RN7SL658P	2
RN7SL740P	2
RN7SL769P	2
RNA5-8SP4	2
RNA5SP528	2
RNA5SP54	2
RNF14	2
RNF167	2
RNF32-DT	2
RNF6	2
RNFT1-DT	2
RNU1-84P	2
RNU4ATAC7P	2
RNU6-1148P	2
RNU6-1168P	2
RNU6-1219P	2
RNU6-121P	2
RNU6-176P	2
RNU6-233P	2
RNU6-326P	2
RNU6-338P	2
RNU6-383P	2
RNU6-572P	2
RNU6-604P	2
RNVU1-7	2
ROCR	2
RP2	2
RPF2	2
RPL13AP25	2
RPL15P1	2
RPL15P20	2
RPL23AP35	2
RPL23AP44	2
RPL27	2
RPL29P6	2
RPL30P1	2
RPL35	2
RPL3L	2
RPL7P41	2
RPL7P6	2
RPLP1	2
RPS15AP5	2
RPS15P9	2
RPS27AP19	2
RPS3AP48	2
RPS4XP8	2
RPS9	2
RPSAP27	2
RPSAP5	2
RPSAP67	2
RRAGAP1-AS1	2
RRN3	2
RRN3P1	2
RRN3P3	2
RRP1	2
RRS1	2
RSPO4	2
RSRC1	2
RUNDC3A	2
S1PR3	2
S1PR5	2
SAE1	2
SAMD12-AS1	2
SAT1	2
SAT2	2
SBK2	2
SCART1	2
SCG2	2
SCIN	2
SCNN1B	2
SCP2D1-AS1	2
SCUBE1	2
SEC14L3	2
SEC24A	2
SEL1L2	2
SELENOM	2
SELENOO	2
SELP	2
SEMA6B	2
SEPTIN1	2
SEPTIN7-DT	2
SH3BP2	2
SIAH2-AS1	2
SIDT2	2
SIGLEC16	2
SIGLEC5	2
SIPA1	2
SIRT1	2
SIT1	2
SKA2P1	2
SLC15A1	2
SLC15A3	2
SLC16A14	2
SLC17A8	2
SLC25A16	2
SLC25A18	2
SLC25A19	2
SLC25A51P2	2
SLC26A1	2
SLC2A1-DT	2
SLC35C1	2
SLC39A12	2
SLC39A4	2
SLC3A1	2
SLC44A2	2
SLC46A3	2
SLC7A13	2
SLC7A14-AS1	2
SLC9A3P3	2
SLFN11	2
SLIRP-OT1	2
SMARCAD1-DT	2
SMC2-DT	2
SMG1P6	2
SMIM14-DT	2
SMNDC1	2
SMPD4	2
SMPD4P1	2
SNAP25-AS1	2
SNAP29	2
SNAPC5	2
SNHG17	2
SNHG31	2
SNHG32	2
SNHG4	2
SNORD116-10	2
SNORD3A	2
SNRNP25	2
SNRPF-DT	2
SNU13	2
SNUPN	2
SNX1	2
SNX22	2
SNX29P1	2
SNX29P2	2
SOD2	2
SORBS2-AS1	2
SORD2P	2
SOX8	2
SP1	2
SPACA3	2
SPATA13-AS1	2
SPDYE18	2
SPG7	2
SPMAP1	2
SPNS2	2
SPNS3	2
SPOPL-DT	2
SRCIN1	2
SRF	2
SRGAP3	2
SRP72P2	2
SRSF3P6	2
SSNA1	2
SSTR2	2
SSX3	2
SSX9P	2
STAC2	2
STAG2-AS1	2
STAG3	2
STARD4-AS1	2
STK32A-AS1	2
STK33	2
STX1A	2
STX5	2
SULT1C5P	2
SUZ12	2
SUZ12P1	2
SV2A	2
SVIL	2
SVIL2P	2
SYNGR1	2
SYNM	2
SYNM-AS1	2
SYT15	2
SYT5	2
TACC2	2
TAF1	2
TAF1A-AS1	2
TAOK1	2
TAPT1-AS1	2
TAS1R2	2
TAS2R14	2
TBC1D10B	2
TBC1D30	2
TBC1D3JP	2
TBCEL	2
TBXA2R	2
TDRD9	2
TERF1P2	2
TERF2IP	2
TET1	2
TEX41	2
TFAP2A-AS1	2
TIMM29	2
TIMM50	2
TJP2	2
TLR1	2
TLX1NB	2
TM9SF5P	2
TMED7	2
TMED9	2
TMEM132D	2
TMEM167B	2
TMEM174	2
TMEM177	2
TMEM184B	2
TMEM212-AS1	2
TMEM219	2
TMEM252-DT	2
TMEM254-AS1	2
TMEM31	2
TMEM45B	2
TMEM88B	2
TMEM95	2
TMSB10	2
TMSB4X	2
TNFRSF19	2
TNIP1	2
TNRC18P3	2
TOMM40	2
TOP2A	2
TOPAZ1	2
TPD52	2
TPGS1	2
TPMTP1	2
TPT1	2
TPTE	2
TPTEP1	2
TRAF2	2
TRAPPC4	2
TRAPPC5	2
TRGC2	2
TRIM16	2
TRIM34	2
TRIM64C	2
TRIM66	2
TRPA2P	2
TRPV1	2
TRUB2	2
TSBP1	2
TSEN54	2
TSGA10	2
TSPAN15	2
TSPO	2
TTC14-DT	2
TTC28	2
TTC28-AS1	2
TTC6	2
TUBAP15	2
TUBB8P11	2
TUBBP5	2
TULP1	2
TUSC3	2
TYK2	2
TYW1B	2
UBA6-DT	2
UBBP4	2
UBE2D4	2
UBE2DNL	2
UBE2K	2
UBE2Q2	2
UBE2R2-AS1	2
UBE2V2	2
UBXN8	2
UFL1-AS1	2
UGT2B10	2
UGT2B7	2
UMPS	2
UNC13A	2
UNC13B	2
UNC13D	2
UNC93B4	2
UPK2	2
UQCRH	2
URB1	2
USP10P3	2
USP17L17	2
USP17L18	2
USP32P2	2
USP36	2
USP42	2
UXT-AS1	2
VAV2	2
VAV3-AS1	2
VGLL4	2
VN1R25P	2
VN1R28P	2
VN2R3P	2
VPS13B-DT	2
VPS51P3	2
VPS51P6	2
VPS51P7	2
VSIG10	2
VWCE	2
WASH9P	2
WASHC1	2
WBP2NL	2
WDR11-DT	2
WDR97	2
WIPI1	2
WNT5B	2
WSCD1	2
WT1-AS	2
WWP1	2
XPOTP1	2
XYLT2	2
YEATS2	2
YLPM1	2
YWHAEP7	2
YWHAH-AS1	2
YWHAQP9	2
ZBBX	2
ZBED3-AS1	2
ZBTB1	2
ZBTB25	2
ZBTB26	2
ZBTB37	2
ZBTB44-DT	2
ZDHHC13	2
ZDHHC17	2
ZFAND2A	2
ZFHX4-AS1	2
ZFPM2	2
ZHX2	2
ZKSCAN5	2
ZKSCAN7-AS1	2
ZNF169	2
ZNF260	2
ZNF30	2
ZNF37BP	2
ZNF394	2
ZNF433-AS1	2
ZNF44	2
ZNF468	2
ZNF484	2
ZNF497	2
ZNF518A	2
ZNF528	2
ZNF563	2
ZNF567	2
ZNF658	2
ZNF674	2
ZNF675	2
ZNF687-AS1	2
ZNF703	2
ZNF714	2
ZNF726	2
ZNF734P	2
ZNF74	2
ZNF764	2
ZNF781	2
ZNF814	2
ZNG1C	2
ZSCAN2	2
ZZZ3	2
AA06	1
AADACL2-AS1	1
AADAT	1
AANAT	1
AARD	1
ABAT	1
ABCA2	1
ABCA8	1
ABCA9	1
ABCB10P3	1
ABCB9	1
ABCC10	1
ABCC11	1
ABCC12	1
ABCC13	1
ABCC4	1
ABCC5	1
ABCC6P1	1
ABCD1P2	1
ABCD4	1
ABCE1	1
ABCG1	1
ABHD15	1
ABHD17AP5	1
ABHD17AP8	1
ABHD18	1
ABHD3	1
ABI1	1
ABI3BP	1
ABLIM2	1
ABR-AS1	1
ABRAXAS1	1
ACAA1	1
ACAA2	1
ACADM	1
ACADVL	1
ACAP1	1
ACAP2	1
ACAP3	1
ACBD5	1
ACD	1
ACE	1
ACER3	1
ACO2P2	1
ACOT12	1
ACOT13	1
ACOT4	1
ACOT6	1
ACP6	1
ACRBP	1
ACSBG1	1
ACSBG2	1
ACSF2	1
ACSL5	1
ACSM2A	1
ACTBL2	1
ACTBP14	1
ACTBP2	1
ACTE1P	1
ACTG1P17	1
ACTL9	1
ACTR1B	1
ACTR3BP2	1
ACY3	1
ACYP2	1
ADA2	1
ADAD2	1
ADAM10	1
ADAM17	1
ADAM20P2	1
ADAM21	1
ADAM21P1	1
ADAM29	1
ADAM3A	1
ADAM7-AS1	1
ADAMTS1	1
ADAMTS14	1
ADAMTS3	1
ADAMTS6	1
ADAMTS7P1	1
ADAMTS7P3	1
ADAMTS8	1
ADAMTSL2	1
ADAMTSL3	1
ADCK1	1
ADCY9	1
ADGB	1
ADGRA3	1
ADGRD2	1
ADGRF1	1
ADGRF5	1
ADGRF5P2	1
ADGRV1	1
ADI1P1	1
ADIPINT	1
ADIPOQ	1
ADIPOR2	1
ADIRF	1
ADM2	1
ADM5	1
ADNP2	1
ADORA1-AS2	1
ADORA2A-AS1	1
ADPRHL1	1
ADRA2C	1
ADSS1	1
ADSS2	1
AEBP1	1
AEN	1
AFAP1	1
AFAP1L2	1
AFDN	1
AFF3	1
AFMID	1
AGAP9	1
AGBL1	1
AGBL2	1
AGFG1	1
AGMO	1
AGO4	1
AGPAT1	1
AGPAT3	1
AGPAT4	1
AGR3	1
AGTPBP1	1
AHI1-DT	1
AHRR	1
AIFM1P1	1
AIP	1
AIPL1	1
AK6P1	1
AKAP10	1
AKAP12	1
AKAP13	1
AKAP9	1
AKIP1	1
AKNA	1
AKNAD1	1
AKR1B1P7	1
AKR1B1P8	1
AKR1C3	1
AKR1D1	1
AKR7A3	1
AKT2	1
ALDH16A1	1
ALDH1A2	1
ALDH3A2	1
ALDOB	1
ALDOC	1
ALG6	1
ALK	1
ALKBH4	1
ALMS1	1
ALMS1P1	1
ALOX15P2	1
ALPK1	1
ALS2CL	1
ALX4	1
AMER2	1
AMHR2	1
AMIGO3	1
AMPD1	1
AMY1A	1
ANAPC1	1
ANAPC10	1
ANAPC1P1	1
ANAPC1P5	1
ANAPC7	1
ANGPTL5	1
ANGPTL7	1
ANK2	1
ANK2-AS1	1
ANKHD1-DT	1
ANKMY1	1
ANKMY2	1
ANKRD11	1
ANKRD12	1
ANKRD18B	1
ANKRD18DP	1
ANKRD19P	1
ANKRD20A11P	1
ANKRD20A4P	1
ANKRD20A7P	1
ANKRD20A9P	1
ANKRD30A	1
ANKRD30BP1	1
ANKRD30BP2	1
ANKRD30BP3	1
ANKRD33BP2	1
ANKRD34A	1
ANKRD34C-AS1	1
ANKRD36C	1
ANKRD39	1
ANKRD44-DT	1
ANKRD50	1
ANKRD61	1
ANO1	1
ANO5	1
ANP32D	1
ANXA13	1
ANXA2R	1
ANXA2R-OT1	1
ANXA6	1
AOC1	1
AOC2	1
AOC4P	1
AOPEP	1
AOX3P	1
AP1B1P1	1
AP1M1	1
AP1S1	1
AP2A2	1
AP3S1	1
AP3S2	1
AP4B1	1
AP4E1	1
APBB1IP	1
APC2	1
APCDD1L	1
APELA	1
APH1B	1
APLF	1
APLP2	1
APOA5	1
APOB	1
APOBEC3B	1
APOBEC3B-AS1	1
APOBEC3C	1
APOC1P1	1
APOH	1
APOLD1	1
APPBP2-DT	1
APRG1	1
AQP3	1
AQP4-AS1	1
AQP7P2	1
AQR	1
ARCN1	1
AREL1	1
ARFGAP3	1
ARFGEF1	1
ARFGEF2	1
ARFRP1	1
ARGLU1-DT	1
ARHGAP1	1
ARHGAP22	1
ARHGAP23P1	1
ARHGAP30	1
ARHGAP35	1
ARHGAP42	1
ARHGAP5	1
ARHGAP8	1
ARHGEF10L	1
ARHGEF12	1
ARHGEF15	1
ARHGEF17	1
ARHGEF3	1
ARHGEF35	1
ARHGEF38	1
ARHGEF4	1
ARID1A	1
ARID2	1
ARID3A	1
ARID3B	1
ARID4A	1
ARID5A	1
ARIH2	1
ARIH2P1	1
ARL16	1
ARL3	1
ARL5A	1
ARLNC1	1
ARMH1	1
ARMH4	1
ARMS2	1
ARNT	1
ARPC2	1
ARPC5L	1
ARPP19	1
ARRB2	1
ARRDC3-AS1	1
ARTN	1
ARVCF	1
ASAH1-AS1	1
ASAH2	1
ASAP1	1
ASB15	1
ASCC2	1
ASGR1	1
ASH2L	1
ASIC4	1
ASNS	1
ASPG	1
ASPSCR1	1
ASS1	1
ASS1P3	1
ASTE1	1
ATAD2	1
ATF5	1
ATF7IP	1
ATG12	1
ATG16L2	1
ATG7	1
ATG9B	1
ATL2	1
ATL3	1
ATOX1-AS1	1
ATP10A	1
ATP10A-DT	1
ATP11AUN	1
ATP1B2	1
ATP2C2	1
ATP5F1B	1
ATP5MC1P7	1
ATP5MGP5	1
ATP6V0D1-DT	1
ATP6V0D2	1
ATP6V0E2	1
ATP6V1A	1
ATP6V1F	1
ATP6V1H	1
ATP8A2	1
ATP8B1	1
ATP8B2	1
ATPAF1	1
ATPAF2	1
ATPSCKMT	1
ATXN2	1
ATXN7L1	1
ATXN7L2	1
ATXN7L3-AS1	1
AURKB	1
AVL9	1
AVP	1
AXIN1	1
AXIN2	1
AXL	1
AZGP1P1	1
B3GNT2	1
B4GALNT2P1	1
B4GALT1-AS1	1
B4GALT3	1
B9D1	1
B9D2	1
BAALC	1
BAALC-AS2	1
BACE1	1
BACH1-IT1	1
BAIAP2L1	1
BAIAP2L2	1
BAK1	1
BALR6	1
BANF2	1
BATF	1
BAZ1A	1
BBOF1	1
BBOX1-AS1	1
BCAP29	1
BCAS1-AS1	1
BCAS2P1	1
BCAT2	1
BCKDK	1
BCL10-AS1	1
BCL2	1
BCL2L1	1
BCL2L11	1
BCL7B	1
BCORL1	1
BCRP3	1
BDKRB2	1
BEND2	1
BEND3P2	1
BEND3P3	1
BETALINC1	1
BHLHE22	1
BICD1	1
BICD1-AS1	1
BICD1P1	1
BICD2	1
BICRA	1
BIK	1
BLCAP	1
BLM	1
BLTP3B	1
BLZF1	1
BMERB1	1
BMP7	1
BMP8B	1
BMS1P16	1
BMS1P8	1
BMS1P9	1
BNIP1	1
BNIP3P2	1
BNIP3P30	1
BOC	1
BOD1P1	1
BOK-AS1	1
BORCS6	1
BPESC1	1
BPIFA2	1
BPIFB4	1
BPIFB5P	1
BPIFB9P	1
BPNT1	1
BPTF	1
BRAP	1
BRD10	1
BRD4	1
BRF1	1
BRF2	1
BRMS1L	1
BRSK1	1
BRSK2	1
BRWD1	1
BSG	1
BTBD17	1
BTBD3-AS1	1
BTF3L4	1
BTG4	1
BTLA	1
BTN3A1	1
BTNL9	1
BTRC	1
BZW1	1
BZW1P1	1
C10ORF90	1
C12ORF43	1
C12ORF50	1
C12ORF54	1
C12ORF60	1
C12ORF75	1
C12ORF76	1
C13ORF42	1
C13ORF46	1
C14ORF119	1
C15ORF39	1
C15ORF48	1
C16ORF82	1
C16ORF96	1
C17ORF78	1
C18ORF21	1
C18ORF32	1
C19ORF12	1
C1ORF216	1
C1QBPP1	1
C1QL1	1
C1QTNF8	1
C1RL	1
C21ORF91-OT1	1
C22ORF23	1
C22ORF39	1
C22ORF42	1
C2CD3	1
C2CD4B	1
C2ORF15	1
C2ORF69P2	1
C2ORF69P4	1
C2ORF74	1
C2ORF76	1
C3ORF36	1
C3ORF80	1
C3ORF85	1
C3ORF86P	1
C4BPA	1
C4ORF50	1
C4ORF51	1
C5ORF46	1
C6ORF118	1
C6ORF120	1
C7	1
C8ORF34-AS1	1
C8ORF58	1
C9ORF57	1
C9ORF85	1
CA11	1
CA5A	1
CA5BP1	1
CAAP1	1
CAB39L	1
CABLES1	1
CABP1-DT	1
CACNA1A	1
CACNA1B	1
CACNA1C-IT1	1
CACNA1D	1
CACNA1I	1
CACNB1	1
CACTIN	1
CAHM	1
CALCR	1
CALHM1	1
CALHM6	1
CALM1	1
CALM3	1
CALML3	1
CALR3	1
CAMK1D	1
CAMK2D	1
CAMSAP1	1
CAMSAP3	1
CAMTA1	1
CANT1	1
CAP1P1	1
CAPG	1
CAPN12	1
CAPZA2	1
CARD18	1
CARD6	1
CARINH	1
CARS1	1
CARTPT	1
CASC3	1
CASC8	1
CASD1	1
CASKIN2	1
CASP1P1	1
CASP8AP2	1
CASZ1	1
CATSPER2	1
CATSPER2P1	1
CATSPERE	1
CBFA2T2	1
CBFA2T3	1
CBL	1
CBR4	1
CBX3	1
CCDC102A	1
CCDC102B	1
CCDC106	1
CCDC112	1
CCDC117	1
CCDC127	1
CCDC141	1
CCDC169	1
CCDC178	1
CCDC18-AS1	1
CCDC180	1
CCDC187	1
CCDC195	1
CCDC201	1
CCDC47	1
CCDC54	1
CCDC6	1
CCDC60	1
CCDC69	1
CCDC71	1
CCDC73	1
CCDC74A	1
CCDC74B	1
CCDC77	1
CCDC87	1
CCDC92B	1
CCDC97	1
CCIN	1
CCL16	1
CCL17	1
CCL19	1
CCL2	1
CCL21	1
CCL24	1
CCL3L3	1
CCL5	1
CCN4	1
CCN5	1
CCNB1IP1	1
CCNB2P1	1
CCND2	1
CCND3	1
CCND3P1	1
CCNH	1
CCNI	1
CCNJL	1
CCNL1	1
CCNL2	1
CCPG1	1
CCSER2	1
CCT3	1
CCT5-AS1	1
CCT6P4	1
CCT8	1
CD14	1
CD160	1
CD164L2	1
CD22	1
CD248	1
CD24P2	1
CD300LB	1
CD5	1
CD63-AS1	1
CD68	1
CD74	1
CD79A	1
CD81-AS1	1
CD83P1	1
CD8A	1
CD8B2	1
CDADC1	1
CDC123	1
CDC23	1
CDC25A	1
CDC37	1
CDC40	1
CDC42BPG	1
CDC42EP3-AS1	1
CDC42EP4	1
CDCA4	1
CDH13	1
CDH17	1
CDH3	1
CDH4	1
CDHR3	1
CDK15	1
CDK5RAP1	1
CDK5RAP3	1
CDK8P2	1
CDKL2	1
CDKN2A	1
CDKN2B-AS1	1
CDKN2D	1
CDNF	1
CDO1	1
CDRT15P11	1
CDRT15P7	1
CEACAM16-AS1	1
CEACAM5	1
CEACAM7	1
CEACAMP11	1
CEACAMP3	1
CEBPB-AS1	1
CECR3	1
CELA3A	1
CELF2-AS1	1
CELSR1	1
CELSR1P1	1
CELSR3	1
CENPC	1
CENPF	1
CENPM	1
CENPNP1	1
CENPNP2	1
CENPO	1
CENPP	1
CENPU	1
CEP104	1
CEP112	1
CEP135	1
CEP15	1
CEP152	1
CEP19	1
CEP192	1
CEP350	1
CEP41	1
CEP44	1
CEP63	1
CEP85L	1
CERCAM	1
CERS2	1
CERS4	1
CERS5	1
CES1	1
CES1P2	1
CFAP144	1
CFAP161	1
CFAP263	1
CFAP47	1
CFAP61	1
CFAP77	1
CFAP97D2	1
CFAP99	1
CFL1P2	1
CFL1P6	1
CFL1P7	1
CFP	1
CFTR	1
CGB1	1
CGGBP1	1
CHAD	1
CHAF1A	1
CHCHD1	1
CHCHD2	1
CHCHD2P3	1
CHCHD3	1
CHCHD3P3	1
CHCHD6	1
CHD3	1
CHD9NB	1
CHEK1	1
CHEK2	1
CHERP	1
CHID1	1
CHIT1	1
CHKB	1
CHMP1A	1
CHMP4B	1
CHODL-AS1	1
CHORDC1P1	1
CHORDC1P5	1
CHPT1	1
CHRM1	1
CHRNA4	1
CHRNA5	1
CHRNB4	1
CHRNE	1
CHST11	1
CHST8	1
CHST9	1
CHSY1	1
CHTF8	1
CHTOP	1
CHUK	1
CIAO2A	1
CIAPIN1	1
CICP13	1
CICP24	1
CICP26	1
CIDEC	1
CIMAP1B	1
CIMAP1C	1
CIMAP1D	1
CIMIP2B	1
CIR1P3	1
CKAP4	1
CKMT1A	1
CLASRP	1
CLBA1	1
CLCA4	1
CLCA4-AS1	1
CLCN7	1
CLCNKB	1
CLDN10	1
CLDN19	1
CLDN20	1
CLDN3	1
CLEC10A	1
CLEC12A	1
CLEC17A	1
CLEC18C	1
CLEC2A	1
CLEC4A	1
CLEC4GP1	1
CLIC4	1
CLIC4P2	1
CLIC4P3	1
CLIP1	1
CLIP2	1
CLK1	1
CLK3-AS1	1
CLMAT3	1
CLNS1A	1
CLPP	1
CLPSL1	1
CLSTN1	1
CLSTN2	1
CLUHP5	1
CLVS1	1
CLYBL	1
CMBL	1
CMC4	1
CMIP	1
CMPK1P1	1
CMTM2	1
CMTM6	1
CMTM8	1
CMTR1	1
CNBD2	1
CNDP2	1
CNGA3	1
CNIH1	1
CNKSR3	1
CNN2P10	1
CNNM1	1
CNOT1	1
CNOT6L	1
CNP	1
CNPY4	1
CNST	1
CNTNAP4	1
CNTNAP5-DT	1
CNTRL	1
COA1	1
COA4	1
COA7	1
COBL	1
COBLP1	1
COCH	1
COG6	1
COG7	1
COL11A2P1	1
COL16A1	1
COL17A1	1
COL5A3	1
COL6A2	1
COL8A2	1
COL9A2	1
COMMD1	1
COMP	1
COMTD1	1
COP1	1
COPB1	1
COPG2	1
COPS2	1
COPS4	1
COPS5	1
COPS8	1
COPZ1	1
COPZ2	1
COQ10B	1
COQ6	1
CORO7	1
COTL1P2	1
COX18	1
COX19	1
COX5BP8	1
COX6B1	1
COX7C	1
CPAMD8	1
CPED1	1
CPLX2	1
CPMER	1
CPN2	1
CPNE1	1
CPNE5	1
CPQ	1
CPXM1	1
CR2	1
CRACD	1
CRCT1	1
CREG2	1
CRELD2	1
CRIPTO	1
CRK	1
CRKL	1
CRLF3	1
CRNDE	1
CROT	1
CRP	1
CRTC1P1	1
CRTC3	1
CRTC3-AS1	1
CRYBA1	1
CRYBB2	1
CRYBG1	1
CRYGA	1
CRYGB	1
CS	1
CSGALNACT2P1	1
CSHL1	1
CSNK1E	1
CSNK2A2	1
CSPG4BP	1
CSPG4P13	1
CSRP1-AS1	1
CSRP3-AS1	1
CSTF1	1
CSTF3	1
CSTP2	1
CSTPP1	1
CT47B1	1
CT70	1
CT75	1
CTAG2	1
CTAGE1	1
CTAGE10P	1
CTAGE3P	1
CTBP2	1
CTBP2P6	1
CTBP2P7	1
CTCF-DT	1
CTCFL	1
CTDSPL2P1	1
CTF2P	1
CTLA4	1
CTNNA1-AS1	1
CTNNA1P1	1
CTNNBIP1	1
CTNND1	1
CTRB2	1
CTRC	1
CTSB	1
CTSLP1	1
CTSV	1
CTSW	1
CTTNBP2	1
CTXND2	1
CUL4B	1
CUX2	1
CWC25	1
CXCL2	1
CXCL6	1
CXCR2	1
CXCR5	1
CXXC1P1	1
CYB5A	1
CYB5AP3	1
CYB5D1	1
CYB5R2	1
CYB5R3	1
CYB5RL	1
CYBRD1	1
CYCSP44	1
CYCSP55	1
CYLC1	1
CYMP-AS1	1
CYP26A1	1
CYP2B7P	1
CYP2C23P	1
CYP2D7	1
CYP4A22-AS1	1
CYP4A43P	1
CYP4B1	1
CYP4F11	1
CYP4F22	1
CYP4F35P	1
CYP4F60P	1
CYP4F8	1
CYP4F9P	1
CYP7A1	1
CYSLTR2	1
CYTH3	1
CYTOR	1
CYYR1-AS1	1
DAD1	1
DAGLB	1
DANT1	1
DAOA-AS1	1
DAPK2	1
DBF4P1	1
DBP	1
DBR1	1
DCAF12-AS1	1
DCAF12L1	1
DCAF16	1
DCAF4	1
DCAF8-DT	1
DCLK2	1
DCLRE1B	1
DCP1A	1
DCPS	1
DCTN6	1
DCTPP1	1
DDA1	1
DDB2	1
DDN	1
DDX10	1
DDX11	1
DDX11-AS1	1
DDX11L2	1
DDX21	1
DDX25	1
DDX3X	1
DDX43	1
DDX50	1
DDX51	1
DDX52	1
DDX60L	1
DEFA11P	1
DEFA5	1
DEFB106B	1
DEFB116	1
DEFB131A	1
DEFB135	1
DEFB4A	1
DEFB4B	1
DEK	1
DENND1A	1
DENND2B	1
DENND4A	1
DENND5B	1
DENR	1
DEPDC4	1
DEPDC5	1
DEPDC7	1
DES	1
DESI1	1
DESI2	1
DEUP1	1
DGCR6	1
DGCR8	1
DGKQ	1
DGLUCY	1
DHFRP5	1
DHH	1
DHRS4-AS1	1
DHX35	1
DHX37	1
DHX57	1
DHX58	1
DIABLO	1
DIAPH3	1
DICER1	1
DIO3OS	1
DIP2A	1
DIS3L	1
DISP1	1
DKKL1	1
DLEC1P1	1
DLEU7	1
DLG1	1
DLG5-AS1	1
DLGAP3	1
DLGAP4-AS1	1
DLK2	1
DMAC1	1
DMGDH	1
DMP1-AS1	1
DMTN	1
DMXL1	1
DNAAF5	1
DNAAF9	1
DNAH17	1
DNAJA3	1
DNAJB1	1
DNAJB6P1	1
DNAJB6P3	1
DNAJB6P4	1
DNAJB6P5	1
DNAJB9	1
DNAJC11	1
DNAJC19P9	1
DNAJC21	1
DNAJC22	1
DNAJC5	1
DNAJC8P1	1
DNER	1
DNM1	1
DNMT3B	1
DOC2B	1
DOCK11P1	1
DOCK9-DT	1
DOLK	1
DOP1A	1
DPAGT1	1
DPEP2	1
DPEP2NB	1
DPH7	1
DPP9	1
DPPA2P2	1
DPPA3	1
DPPA5	1
DPPA5P4	1
DPY19L2P3	1
DPY19L3	1
DPY30	1
DPYD	1
DRAM1-AS1	1
DRAM2	1
DRAP1	1
DRG1	1
DSC3	1
DSCAML1	1
DSCR10	1
DSCR8	1
DSE	1
DSG3	1
DTWD1P2	1
DTX1	1
DTX3L	1
DTX4	1
DUSP16	1
DUSP22	1
DUSP5-DT	1
DUSP5P2	1
DUX4L20	1
DUX4L50	1
DUXA	1
DUXAP9	1
DUXB	1
DYDC2	1
DYM-AS1	1
DYNAP	1
DYNC1I1	1
DYNC1I2	1
DYNLL1P3	1
DYNLT1	1
DYNLT5	1
DYRK1B	1
DYSF	1
DZANK1	1
DZIP1	1
E2F3	1
E2F7	1
EAF1	1
EAPP	1
ECM1	1
ECM1P2	1
ECSCR	1
EDN1	1
EDN3	1
EEF1A1-AS1	1
EEF1A1P16	1
EEF1A1P20	1
EEF1A1P48	1
EEF1B2P2	1
EEIG2	1
EFCAB13	1
EFCAB5	1
EFCAB6-AS1	1
EFCAB9	1
EFHB	1
EFHC1	1
EFHD1	1
EFR3A	1
EGFEM1P	1
EGFR	1
EHBP1	1
EHF	1
EHHADH	1
EHMT1	1
EID2B	1
EIF2AK4	1
EIF2B3	1
EIF2B5-DT	1
EIF2S2P3	1
EIF2S3	1
EIF3FP3	1
EIF3G	1
EIF3H	1
EIF4A1P3	1
EIF4A1P4	1
EIF4E1B	1
EIF4G3	1
EIF4H	1
EIF5A	1
EIF5AL1	1
EIF5AP4	1
ELAC2	1
ELAVL3	1
ELF1	1
ELF3	1
ELF5	1
ELL2P4	1
ELL3	1
ELOA	1
ELOC	1
EMC9	1
EMILIN2	1
EMP3	1
EMSY	1
EMX2OS	1
ENC1	1
ENDOD1	1
ENDOG	1
ENDOV	1
ENGASE	1
ENKD1	1
ENO2	1
ENPEP	1
ENPP7P8	1
ENTHD1	1
ENTR1P2	1
EOGT	1
EOLA2	1
EOLA2-DT	1
EP400	1
EPB41L1	1
EPB41L3	1
EPCAM	1
EPHA1	1
EPHA1-AS1	1
EPHA2	1
EPHX1	1
EPHX3	1
EPN2	1
EPN3	1
EPO	1
EPSTI1	1
EPYC	1
ERAP2	1
ERAS	1
ERBB3	1
ERC2	1
ERCC1	1
ERCC6	1
ERCC6L2-AS1	1
ERG28	1
ERGIC2	1
ERI2	1
ERI3	1
ERICH1	1
ERICH2-DT	1
ERLIN1	1
ERLN	1
ERMP1	1
ERP29P1	1
ERVH-3	1
ERVH48-1	1
ERVK-28	1
ERVMER34-1	1
ERVW-1	1
ESCO2	1
ESM1	1
ESRP1	1
ESRRAP2	1
ESYT3	1
ETF1P3	1
ETFB	1
ETFDH	1
ETFRF1	1
ETS2-AS1	1
ETV2	1
EXO1	1
EXOC3L2	1
EXOC6	1
EXTL3	1
EYA2	1
EZH2	1
F12	1
F13B	1
F2	1
F2RL1	1
F2RL3	1
F8	1
FAAH	1
FAAHP1	1
FABP1	1
FABP12P1	1
FABP5P1	1
FADS2	1
FAF2	1
FAM131C	1
FAM133A	1
FAM138B	1
FAM13A	1
FAM13B	1
FAM13B-AS1	1
FAM153DP	1
FAM170B-AS1	1
FAM171A2	1
FAM174C	1
FAM186A	1
FAM186B	1
FAM193A	1
FAM199X	1
FAM210A	1
FAM21EP	1
FAM220CP	1
FAM225B	1
FAM227A	1
FAM230D	1
FAM241A	1
FAM242F	1
FAM245B	1
FAM25EP	1
FAM25G	1
FAM3A	1
FAM3D	1
FAM47A	1
FAM50A	1
FAM50B	1
FAM53B	1
FAM81A	1
FAM81B	1
FAM83A	1
FAM83B	1
FAM83D	1
FAM86B2	1
FAM86EP	1
FAM90A25P	1
FAM90A2P	1
FAM91A3P	1
FAM99B	1
FANCD2	1
FANCF	1
FAP	1
FARSB	1
FASTKD5	1
FAUP4	1
FBLL1	1
FBLN2	1
FBLP1	1
FBN3	1
FBP2	1
FBXL20	1
FBXL9P	1
FBXO28	1
FBXO32	1
FBXO34	1
FBXO38	1
FBXO40	1
FBXO43	1
FBXO46	1
FBXO9	1
FBXW11P1	1
FBXW12	1
FCER1G	1
FCER2	1
FCGR2A	1
FCHO1	1
FCRL2	1
FCRLB	1
FCSK	1
FDFT1	1
FDPSP7	1
FDXACB1	1
FECH	1
FEM1AP4	1
FENDRR	1
FEV	1
FEZ1	1
FFAR1	1
FFAR2	1
FFAR3	1
FGD6	1
FGF10-AS1	1
FGF14-IT1	1
FGF21	1
FGF4	1
FGFRL1	1
FGGY	1
FGR	1
FH	1
FHIP1A	1
FHIP1A-DT	1
FHL3	1
FHOD1	1
FIP1L1	1
FIS1	1
FKBP2	1
FKBP5	1
FKBP6	1
FKBPL	1
FLNA	1
FLOT1	1
FLRT3	1
FLT3	1
FLT4	1
FLVCR1	1
FMC1	1
FMNL1	1
FMO11P	1
FN3K	1
FN3KRP	1
FNBP4	1
FNDC8	1
FOLH1B	1
FOLR1	1
FOLR3	1
FOSL1	1
FOSL2	1
FOSL2-AS1	1
FOXK2	1
FOXM1	1
FOXN4	1
FOXO1B	1
FOXO4	1
FOXP4-AS1	1
FOXR1	1
FPASL	1
FREY1	1
FRG1FP	1
FRMD1	1
FRMD7	1
FRMD8	1
FRMPD2	1
FRY	1
FSCB	1
FSD1	1
FSD2	1
FSIP2-AS1	1
FSTL4	1
FTH1P13	1
FTLP2	1
FTLP20	1
FTSJ3	1
FUBP1	1
FUS	1
FUT3	1
FUT7	1
FUZ	1
FXN	1
FXYD1	1
FZD2	1
FZD4-DT	1
FZD5	1
G2E3	1
G6PC2	1
GAB2	1
GABRA2	1
GABRA6	1
GAL	1
GAL3ST3	1
GALM-AS1	1
GALNT10	1
GALNT12	1
GALNT16-AS1	1
GALNT17	1
GALNT18	1
GALP	1
GALR2	1
GAPDHP30	1
GAR1-DT	1
GAREM1	1
GAREM2	1
GARIN1A	1
GARIN1B	1
GARIN4	1
GART	1
GAS2L1	1
GAS2L1P2	1
GAS2L3	1
GAS6	1
GATA2	1
GATA6	1
GATAD2B	1
GATD1	1
GBP1	1
GBP1P1	1
GBP7	1
GBX1	1
GBX2	1
GCAWKR	1
GCK	1
GCKR	1
GCLC	1
GCLC-AS1	1
GCNT1	1
GCSAML	1
GDA	1
GDF7	1
GDF9	1
GDI2	1
GDNF	1
GDPD1	1
GDPD4	1
GEMIN2	1
GEMIN2P1	1
GEMIN5	1
GEMIN7	1
GET1P1	1
GFI1	1
GFI1B	1
GFPT2	1
GFUS	1
GGH	1
GGT1	1
GGTA2P	1
GHRH	1
GIMAP5	1
GINS2	1
GIPC3	1
GJA4	1
GJA9	1
GJC1	1
GJD3	1
GK-AS1	1
GLB1L3	1
GLI3	1
GLIDR	1
GLIPR2	1
GLOD5	1
GLRX	1
GLRX2	1
GLS2	1
GLTPD2	1
GLUL	1
GMCL2	1
GMEB2	1
GMFB	1
GMPR	1
GMPSP1	1
GNAI1	1
GNB2	1
GNG10	1
GNG11	1
GNGT2	1
GNL1	1
GNMT	1
GNS	1
GOLGA1	1
GOLGA2P11	1
GOLGA2P5	1
GOLGA2P6	1
GOLGA6D	1
GOLGA6L24	1
GOLGA6L3P	1
GOLGA6L6	1
GOLGA6L7	1
GOLGA8F	1
GOLGA8K	1
GOLGA8N	1
GOLGA8T	1
GON4L	1
GORAB-AS1	1
GORASP1	1
GOT1L1	1
GP9	1
GPANK1	1
GPAT2	1
GPATCH3	1
GPATCH4	1
GPC5	1
GPKOW	1
GPM6A	1
GPN1	1
GPN3	1
GPR132	1
GPR137C	1
GPR143	1
GPR151	1
GPR160P2	1
GPR161	1
GPR17	1
GPR179	1
GPR31	1
GPR32	1
GPR32P1	1
GPR33	1
GPR35	1
GPR37L1	1
GPR55-AS1	1
GPR68	1
GPR78	1
GPR82	1
GPR84	1
GPRIN2	1
GPT2	1
GPX3	1
GPX4	1
GRAMD1C	1
GREB1	1
GREM2	1
GRHL3	1
GRIA2	1
GRID2IP	1
GRIK2	1
GRIN1	1
GRIP1	1
GRIP2	1
GRK4	1
GRM2	1
GRM6	1
GRN	1
GRPR	1
GRSF1	1
GS1-279B7.1	1
GSC	1
GSC2	1
GSDMA	1
GSE1	1
GSTA10P	1
GSTA11P	1
GSTM2P1	1
GSTM5	1
GSTM5P1	1
GTF2A1-AS1	1
GTF2E1	1
GTF2H4	1
GTF2IP6	1
GTF2IRD2	1
GTPBP8	1
GUCA1A	1
GUSB	1
GUSBP18	1
GUSBP3	1
GYG1P1	1
GZF1	1
GZMH	1
H1-0	1
H1-2	1
H1-4	1
H1-5	1
H2AC3P	1
H2AZ2	1
H2AZP5	1
H2BC1	1
H2BC12	1
H2BC7	1
H2BC8	1
H2BP1	1
H3-3A	1
H3-5	1
H3C3	1
H3C4	1
H3P39	1
H3P6	1
H4C8	1
HAFML	1
HAGHL	1
HAND2-AS1	1
HAPLN3	1
HAUS1P2	1
HAUS5	1
HBZ	1
HCAR3	1
HCCS	1
HCG14	1
HCG18	1
HCG20	1
HCG22	1
HCG27	1
HDGF	1
HEATR5A-DT	1
HEATR5B	1
HECA	1
HECTD3	1
HELLPAR	1
HERC2P10	1
HERC2P9	1
HERC6	1
HES2	1
HES4	1
HES5	1
HESX1	1
HEXIM2-AS2	1
HEY2-AS1	1
HFM1	1
HGSNAT	1
HIPK1	1
HIRA	1
HJURP	1
HK3	1
HLA-DPA1	1
HLA-DPB2	1
HLA-DQA2	1
HLA-DRB9	1
HLCS	1
HLTF	1
HMG20A	1
HMGB1P32	1
HMGB3	1
HMGB3P16	1
HMGB3P20	1
HMGN1P11	1
HMGN2	1
HMGN2P22	1
HMGN4	1
HMGXB3	1
HMGXB4	1
HMOX2	1
HMX3	1
HNF4A	1
HNRNPA1P1	1
HNRNPA1P12	1
HNRNPA1P27	1
HNRNPA1P3	1
HNRNPA1P58	1
HNRNPA1P61	1
HNRNPA1P63	1
HNRNPCP2	1
HNRNPCP4	1
HNRNPH1P2	1
HNRNPKP1	1
HNRNPLL	1
HNRNPLP1	1
HNRNPR	1
HOGA1	1
HOMER1	1
HOMER2	1
HOOK2	1
HORMAD2-AS1	1
HOXA9	1
HOXD9	1
HPCAL4	1
HPD	1
HPF1	1
HPGDS	1
HPN-AS1	1
HPRT1P3	1
HPS6	1
HR	1
HRG	1
HRH1	1
HROB	1
HS6ST2-AS1	1
HS6ST3	1
HSD17B10	1
HSD17B6	1
HSD17B7P2	1
HSDL1	1
HSF4	1
HSP90AB3P	1
HSP90AB6P	1
HSPA12A	1
HSPA2-AS1	1
HSPA8P18	1
HSPB1P1	1
HSPB7	1
HSPB9	1
HSPBAP1	1
HSPD1	1
HSPD1P12	1
HSPE1P24	1
HSPE1P4	1
HSPG2	1
HTATSF1P1	1
HTN3	1
HTR1D	1
HTR3C	1
HTR3C2P	1
HTR5A-AS1	1
HTRA3	1
HTT	1
HYCC2	1
HYLS1	1
IAH1	1
IBA57	1
ICAM5	1
IDE	1
IDI1	1
IDI2	1
IER2	1
IER5L	1
IFI30	1
IFIH1	1
IFITM10	1
IFNA2	1
IFNLR1	1
IFT46	1
IFT81	1
IGBP1	1
IGDCC4	1
IGF2BP1	1
IGF2R	1
IGFBP4	1
IGFBP7-AS1	1
IGHD1-1	1
IGHD3OR15-3A	1
IGHD5-12	1
IGHG4	1
IGHGP	1
IGHJ6	1
IGHV1-67	1
IGHV1OR15-9	1
IGHV3-66	1
IGHV3OR15-7	1
IGHV4-61	1
IGHVIII-67-2	1
IGKV1D-13	1
IGKV1D-42	1
IGKV2D-14	1
IGKV3D-15	1
IGKV3D-7	1
IGKV6-21	1
IGKV7-3	1
IGLC7	1
IGLJCOR18	1
IGLV1-36	1
IGLV1-40	1
IGLV1-41	1
IGLV1-50	1
IGLV2-18	1
IGLV2-23	1
IGLV3-10	1
IGSF21	1
IGSF23	1
IGSF3P2	1
IGSF8	1
IGSF9B	1
IHO1	1
IKBKB-DT	1
IKBKE	1
IKBKG	1
IKZF3	1
IKZF4	1
IL11	1
IL12RB1	1
IL15	1
IL16	1
IL17B	1
IL17C	1
IL17D	1
IL1RN	1
IL22RA1	1
IL22RA2	1
IL23R	1
IL2RA	1
IL2RG	1
IL33	1
IL34	1
IL4R	1
IL9RP3	1
ILF3	1
ILRUN	1
IMMP1L	1
IMPA2	1
IMPDH1P6	1
IMPDH1P9	1
INAFM1	1
INCENP	1
INF2	1
ING1	1
INGX	1
INHBA-AS1	1
INKA2	1
INO80D	1
INO80D-AS1	1
INPP4A	1
INPP5E	1
INPP5F	1
INSM2	1
INSYN1-AS1	1
INTS3	1
INTS5	1
INTS6-AS1	1
INTS8	1
IPO5	1
IPO7	1
IPO7P2	1
IPO8	1
IPPKP1	1
IQCF1	1
IQCF3	1
IQCJ	1
IQGAP1	1
IQUB	1
IRF2BP2	1
IRF2BPL	1
IRF3	1
IRF7	1
IRGQ	1
ISCA1	1
ISCU	1
ISG20L2	1
ISLR2	1
IST1	1
ITCH	1
ITFG1	1
ITGA6-AS1	1
ITGA9	1
ITGB1BP1	1
ITGB1BP2	1
ITGB2-AS1	1
ITGB4	1
ITIH2	1
ITIH6	1
ITM2B	1
ITPK1	1
ITPKB	1
ITPKC	1
ITPR1	1
ITPR1-DT	1
ITPR3	1
ITPRID2	1
ITPRIPL2	1
IVD	1
JADE3	1
JAG1	1
JAG2	1
JAGN1	1
JAK1	1
JAK2	1
JAKMIP2-AS1	1
JARID2	1
JAZF1	1
JCADP1	1
JMJD4	1
JOSD2	1
JRKL	1
JUN	1
JUN-DT	1
JUND	1
JUP	1
KANSL1L	1
KANSL2	1
KAT5	1
KAT8	1
KATNBL1	1
KATNIP	1
KBTBD12	1
KBTBD2	1
KBTBD6	1
KBTBD6-DT	1
KCNA7	1
KCNE3	1
KCNG1	1
KCNG2	1
KCNIP1-OT1	1
KCNIP4	1
KCNK5	1
KCNK9	1
KCNMB3P1	1
KCNN4	1
KCNQ1	1
KCNRG	1
KCNS1	1
KCNT1	1
KCNV2	1
KCTD9	1
KDF1	1
KDM2B-DT	1
KDM4A	1
KDM6A	1
KDSR-DT	1
KEAP1	1
KGD4	1
KHDC1L	1
KHDRBS2	1
KIAA0825	1
KIAA0930	1
KIAA1958	1
KIF14	1
KIF18B	1
KIF1B	1
KIF20B	1
KIF21B	1
KIF2C	1
KIF5C-AS1	1
KILH	1
KIR2DL1	1
KIR3DL1	1
KLC1-AS1	1
KLC2	1
KLF13	1
KLF16	1
KLF17	1
KLF17P1	1
KLF2-DT	1
KLF3-AS1	1
KLF6	1
KLF7P1	1
KLHDC2	1
KLHDC4	1
KLHL11	1
KLHL15	1
KLHL18	1
KLHL22	1
KLHL23	1
KLHL24	1
KLHL31	1
KLHL33	1
KLHL38	1
KLHL40	1
KLK1	1
KLK11	1
KLK12	1
KLK3	1
KLK5	1
KLK9	1
KLRC1	1
KLRG1	1
KLRK1-AS1	1
KMT2C	1
KMT5C	1
KNL1	1
KNSTRN	1
KPNA6	1
KRCC1	1
KRT1	1
KRT18	1
KRT18P21	1
KRT18P22	1
KRT18P25	1
KRT18P27	1
KRT18P40	1
KRT18P43	1
KRT18P45	1
KRT18P47	1
KRT18P67	1
KRT19P1	1
KRT19P4	1
KRT222	1
KRT24	1
KRT33A	1
KRT33B	1
KRT35	1
KRT4	1
KRT6B	1
KRT80	1
KRT8P10	1
KRT8P20	1
KRT8P23	1
KRT8P45	1
KRT8P9	1
KRTAP1-3	1
KRTAP15-1	1
KRTAP19-3	1
KRTAP4-5	1
KRTAP4-8	1
KRTAP9-2	1
KU-MEL-3	1
LACC1	1
LAIR2	1
LALBA	1
LAMA4-AS1	1
LAMB2	1
LAMB2P1	1
LAMC3	1
LANCL2	1
LAP3	1
LAPTM4A	1
LARP1	1
LARP1B	1
LARP1BP3	1
LARP7P1	1
LARRPM	1
LARS2	1
LAT	1
LAT2	1
LATS1	1
LATS2	1
LBH	1
LBHD1	1
LBHD2	1
LCA5L	1
LCAT	1
LCE1F	1
LCIIAR	1
LCK	1
LCLAT1	1
LCOR	1
LCORL	1
LCT	1
LDHBP1	1
LDLRAD2	1
LEF1-AS1	1
LENG1	1
LENG8	1
LETM1	1
LGALS8	1
LGALS9DP	1
LGALSL	1
LGALSL-DT	1
LHFPL5	1
LHFPL7	1
LHX1	1
LHX2	1
LHX5-AS1	1
LIAT1	1
LIFR-AS1	1
LIG1	1
LILRA1	1
LILRA2	1
LILRB4	1
LILRP1	1
LIMCH1	1
LIMK1	1
LIMS1	1
LIN28A	1
LIN28AP3	1
LINC00028	1
LINC00158	1
LINC00163	1
LINC00243	1
LINC00265	1
LINC00278	1
LINC00290	1
LINC00297	1
LINC00301	1
LINC00305	1
LINC00307	1
LINC00320	1
LINC00323	1
LINC00332	1
LINC00343	1
LINC00348	1
LINC00363	1
LINC00365	1
LINC00370	1
LINC00373	1
LINC00375	1
LINC00376	1
LINC00379	1
LINC00390	1
LINC00398	1
LINC00410	1
LINC00428	1
LINC00434	1
LINC00448	1
LINC00454	1
LINC00456	1
LINC00466	1
LINC00469	1
LINC00474	1
LINC00477	1
LINC00501	1
LINC00507	1
LINC00529	1
LINC00544	1
LINC00557	1
LINC00559	1
LINC00563	1
LINC00566	1
LINC00575	1
LINC00582	1
LINC00589	1
LINC00620	1
LINC00629	1
LINC00641	1
LINC00642	1
LINC00649	1
LINC00662	1
LINC00689	1
LINC00691	1
LINC00710	1
LINC00837	1
LINC00838	1
LINC00840	1
LINC00841	1
LINC00844	1
LINC00862	1
LINC00871	1
LINC00879	1
LINC00880	1
LINC00881	1
LINC00906	1
LINC00919	1
LINC00920	1
LINC00923	1
LINC00963	1
LINC00967	1
LINC00968	1
LINC00972	1
LINC00993	1
LINC01012	1
LINC01016	1
LINC01029	1
LINC01030	1
LINC01035	1
LINC01048	1
LINC01054	1
LINC01076	1
LINC01082	1
LINC01102	1
LINC01103	1
LINC01111	1
LINC01133	1
LINC01138	1
LINC01144	1
LINC01145	1
LINC01151	1
LINC01170	1
LINC01173	1
LINC01186	1
LINC01192	1
LINC01205	1
LINC01213	1
LINC01215	1
LINC01229	1
LINC01233	1
LINC01234	1
LINC01252	1
LINC01259	1
LINC01267	1
LINC01269	1
LINC01270	1
LINC01273	1
LINC01275	1
LINC01276	1
LINC01290	1
LINC01298	1
LINC01300	1
LINC01301	1
LINC01342	1
LINC01344	1
LINC01347	1
LINC01359	1
LINC01396	1
LINC01404	1
LINC01428	1
LINC01436	1
LINC01440	1
LINC01443	1
LINC01448	1
LINC01467	1
LINC01488	1
LINC01497	1
LINC01498	1
LINC01502	1
LINC01503	1
LINC01504	1
LINC01505	1
LINC01509	1
LINC01514	1
LINC01516	1
LINC01525	1
LINC01533	1
LINC01549	1
LINC01551	1
LINC01569	1
LINC01583	1
LINC01587	1
LINC01591	1
LINC01608	1
LINC01610	1
LINC01611	1
LINC01620	1
LINC01623	1
LINC01637	1
LINC01639	1
LINC01650	1
LINC01661	1
LINC01665	1
LINC01671	1
LINC01674	1
LINC01676	1
LINC01677	1
LINC01695	1
LINC01697	1
LINC01705	1
LINC01708	1
LINC01709	1
LINC01720	1
LINC01726	1
LINC01732	1
LINC01733	1
LINC01743	1
LINC01745	1
LINC01748	1
LINC01752	1
LINC01765	1
LINC01774	1
LINC01777	1
LINC01782	1
LINC01788	1
LINC01796	1
LINC01800	1
LINC01804	1
LINC01816	1
LINC01819	1
LINC01821	1
LINC01829	1
LINC01831	1
LINC01833	1
LINC01849	1
LINC01850	1
LINC01856	1
LINC01859	1
LINC01870	1
LINC01872	1
LINC01883	1
LINC01892	1
LINC01895	1
LINC01897	1
LINC01898	1
LINC01899	1
LINC01908	1
LINC01915	1
LINC01918	1
LINC01924	1
LINC01938	1
LINC01947	1
LINC01954	1
LINC01958	1
LINC01963	1
LINC01965	1
LINC01971	1
LINC01976	1
LINC01980	1
LINC02004	1
LINC02021	1
LINC02022	1
LINC02023	1
LINC02027	1
LINC02028	1
LINC02030	1
LINC02043	1
LINC02046	1
LINC02049	1
LINC02052	1
LINC02054	1
LINC02057	1
LINC02061	1
LINC02068	1
LINC02070	1
LINC02071	1
LINC02080	1
LINC02084	1
LINC02086	1
LINC02089	1
LINC02097	1
LINC02100	1
LINC02104	1
LINC02114	1
LINC02122	1
LINC02127	1
LINC02130	1
LINC02131	1
LINC02134	1
LINC02137	1
LINC02141	1
LINC02149	1
LINC02150	1
LINC02164	1
LINC02175	1
LINC02186	1
LINC02190	1
LINC02209	1
LINC02213	1
LINC02214	1
LINC02216	1
LINC02222	1
LINC02228	1
LINC02236	1
LINC02245	1
LINC02250	1
LINC02252	1
LINC02253	1
LINC02262	1
LINC02274	1
LINC02277	1
LINC02283	1
LINC02287	1
LINC02291	1
LINC02292	1
LINC02294	1
LINC02296	1
LINC02304	1
LINC02312	1
LINC02315	1
LINC02318	1
LINC02328	1
LINC02331	1
LINC02333	1
LINC02342	1
LINC02343	1
LINC02345	1
LINC02346	1
LINC02348	1
LINC02351	1
LINC02365	1
LINC02370	1
LINC02376	1
LINC02377	1
LINC02381	1
LINC02385	1
LINC02386	1
LINC02395	1
LINC02412	1
LINC02413	1
LINC02414	1
LINC02418	1
LINC02421	1
LINC02424	1
LINC02427	1
LINC02428	1
LINC02429	1
LINC02438	1
LINC02439	1
LINC02440	1
LINC02443	1
LINC02448	1
LINC02453	1
LINC02455	1
LINC02462	1
LINC02464	1
LINC02465	1
LINC02466	1
LINC02471	1
LINC02479	1
LINC02482	1
LINC02484	1
LINC02485	1
LINC02497	1
LINC02503	1
LINC02506	1
LINC02520	1
LINC02523	1
LINC02532	1
LINC02535	1
LINC02538	1
LINC02540	1
LINC02549	1
LINC02551	1
LINC02556	1
LINC02557	1
LINC02562	1
LINC02563	1
LINC02568	1
LINC02569	1
LINC02573	1
LINC02594	1
LINC02601	1
LINC02612	1
LINC02622	1
LINC02625	1
LINC02636	1
LINC02641	1
LINC02645	1
LINC02648	1
LINC02649	1
LINC02660	1
LINC02668	1
LINC02674	1
LINC02679	1
LINC02681	1
LINC02690	1
LINC02706	1
LINC02713	1
LINC02721	1
LINC02731	1
LINC02732	1
LINC02740	1
LINC02757	1
LINC02759	1
LINC02764	1
LINC02767	1
LINC02770	1
LINC02772	1
LINC02774	1
LINC02780	1
LINC02787	1
LINC02798	1
LINC02801	1
LINC02808	1
LINC02812	1
LINC02819	1
LINC02820	1
LINC02822	1
LINC02826	1
LINC02829	1
LINC02834	1
LINC02837	1
LINC02845	1
LINC02848	1
LINC02855	1
LINC02861	1
LINC02872	1
LINC02873	1
LINC02880	1
LINC02884	1
LINC02888	1
LINC02914	1
LINC02927	1
LINC02931	1
LINC02932	1
LINC02935	1
LINC02949	1
LINC02953	1
LINC02963	1
LINC02966	1
LINC02981	1
LINC02985	1
LINC02989	1
LINC02995	1
LINC03002	1
LINC03003	1
LINC03010	1
LINC03012	1
LINC03020	1
LINC03026	1
LINC03028	1
LINC03042	1
LINC03046	1
LINC03050	1
LINC03056	1
LINC03066	1
LINC03070	1
LINC03071	1
LINC03074	1
LINC03082	1
LINC03088	1
LINC03096	1
LINC03097	1
LINC03116	1
LINC03122	1
LINC03126	1
LINC03129	1
LINC03135	1
LINC03138	1
LINC03146	1
LIPN	1
LL22NC01-81G9.3	1
LMAN2	1
LMAN2L	1
LMBR1	1
LMF2	1
LMNB1	1
LMNB1-DT	1
LMOD2	1
LMTK3	1
LMX1B	1
LNCARGI	1
LNCARSR	1
LNCATV	1
LNCBRM	1
LNCPOIR	1
LNX1	1
LNX2	1
LONRF3	1
LOXHD1	1
LOXL1-AS1	1
LOXL2	1
LPAR3	1
LPCAT4	1
LPGAT1-AS1	1
LPIN1	1
LRCH1	1
LRG1	1
LRGUK	1
LRP1	1
LRP10	1
LRP1B	1
LRP2BP	1
LRP6	1
LRP8	1
LRRC14	1
LRRC15	1
LRRC19	1
LRRC25	1
LRRC34P1	1
LRRC34P2	1
LRRC37A11P	1
LRRC37A2	1
LRRC37A3	1
LRRC37A5P	1
LRRC37BP1	1
LRRC3B-AS1	1
LRRC4	1
LRRC47	1
LRRC49	1
LRRC52-AS1	1
LRRC61	1
LRRC7	1
LRRFIP1	1
LRRIQ3	1
LRRN1	1
LRRN3	1
LSM1	1
LSM14A	1
LSM7	1
LSM8	1
LSP1	1
LSP1P4	1
LST1	1
LUM	1
LY6E-DT	1
LY6G5C	1
LY6G6F	1
LY6K	1
LY6L	1
LY96	1
LYNX1	1
LYPLA2P2	1
LYRM9	1
LYST	1
LYZL1	1
LYZL2	1
LZIC	1
MAB21L3	1
MACF1	1
MAD2L1BP	1
MAF	1
MAGEA3	1
MAGEA6	1
MAGEA6-DT	1
MAGEA9	1
MAGEA9B	1
MAGEF1	1
MAIP1	1
MALINC1	1
MALRD1	1
MAML1	1
MAML3	1
MAN2A1	1
MAN2B2	1
MANCR	1
MAP2K2	1
MAP2K3	1
MAP2K4	1
MAP2K4P1	1
MAP2K5	1
MAP2K5-DT	1
MAP3K11	1
MAP3K21	1
MAP3K9	1
MAP9-AS1	1
MAPK6P1	1
MAPK6P2	1
MARCHF10	1
MARCHF2	1
MARCHF7	1
MARK1	1
MARK2P15	1
MARK2P9	1
MARS2	1
MARVELD2	1
MAT2B	1
MAVS	1
MB21D2	1
MBD3	1
MBD3L1	1
MBD5	1
MBL3P	1
MBLAC1	1
MBOAT2	1
MBOAT7	1
MBP	1
MC2R	1
MCCC1	1
MCF2L	1
MCF2L2	1
MCM2	1
MCM4	1
MCM7	1
MDN1	1
MEAF6	1
MED1	1
MED12L	1
MED15P7	1
MED18	1
MED28	1
MED28P5	1
MEDAG	1
MEF2D	1
MEG9	1
MEGF11	1
MEGF9	1
MEIOC	1
MEIOSIN	1
MEIS1	1
MEIS2	1
MEN1	1
MEOX1	1
MEP1AP1	1
MEP1B	1
MEPCE	1
MESP1	1
METRN	1
METTL16	1
METTL1P1	1
METTL26	1
MEX3D	1
MFAP2	1
MFRP	1
MFSD2A	1
MFSD6L	1
MFSD9	1
MGAT1	1
MGAT3	1
MGAT4C	1
MGAT4D	1
MGAT5B	1
MGC16275	1
MGLL	1
MGST2	1
MICA-AS1	1
MICAL2	1
MICALL1	1
MICB	1
MICOS10	1
MICU3	1
MIDEAS-AS1	1
MIF4GD	1
MIGA1	1
MIGA2	1
MINDY2	1
MINDY4	1
MINK1	1
MIPOL1	1
MIR1289-1	1
MIR1303	1
MIR1471	1
MIR205HG	1
MIR2117HG	1
MIR222HG	1
MIR3142HG	1
MIR3193	1
MIR31HG	1
MIR345	1
MIR365BHG	1
MIR3924	1
MIR3976HG	1
MIR4283-1	1
MIR4302	1
MIR4309	1
MIR4330	1
MIR4424	1
MIR4443	1
MIR4495	1
MIR450B	1
MIR4521	1
MIR4713HG	1
MIR4733HG	1
MIR548XHG	1
MIR600HG	1
MIR607	1
MIR613	1
MIR661	1
MIR7154	1
MIR762HG	1
MIR8056	1
MIR8057	1
MIR9-1HG	1
MIRLET7A1HG	1
MKI67	1
MLEC	1
MLLT1	1
MLXIP	1
MME	1
MMP2-AS1	1
MMP25	1
MMP27	1
MOB3A	1
MOB4	1
MOBP	1
MOGAT1	1
MOGAT2	1
MOGS	1
MORC2	1
MORC2-AS1	1
MORC3	1
MORC4	1
MOSPD1	1
MPC1	1
MPC1L	1
MPHOSPH6	1
MPLKIP	1
MPO	1
MPPE1	1
MRAP-AS1	1
MRC2	1
MREG	1
MRGPRX10P	1
MRGPRX4	1
MRM1	1
MROH1	1
MROH2A	1
MROH2B	1
MROH6	1
MROH7	1
MROH8	1
MROH9	1
MRPL14	1
MRPL15P1	1
MRPL21	1
MRPL32P2	1
MRPL40	1
MRPL51	1
MRPL55	1
MRPL9	1
MRPS16	1
MRPS16P3	1
MRPS21P1	1
MRPS22	1
MRTO4	1
MS4A12	1
MS4A6E	1
MSANTD3	1
MSANTD4	1
MSH6	1
MSI1	1
MSL2	1
MSLN	1
MSLNL	1
MSR1	1
MSRB3-AS1	1
MSS51	1
MST1	1
MT1A	1
MT1P3	1
MT3	1
MTA3	1
MTCO1P49	1
MTCO1P55	1
MTCYBP45	1
MTERF1	1
MTERF4	1
MTFP1	1
MTFR1	1
MTHFD2	1
MTHFSD	1
MTMR12	1
MTMR14	1
MTMR3	1
MTND1P10	1
MTND5P1	1
MTND5P3	1
MTND5P35	1
MTRES1	1
MTSS2	1
MTTP	1
MTUS1	1
MTX1	1
MUC12	1
MUC12-AS1	1
MUC17	1
MUC20	1
MUCL3	1
MUL1	1
MUPP	1
MVB12A	1
MVD	1
MVP	1
MXD3	1
MXI1	1
MYBL1	1
MYBPC2	1
MYCLP1	1
MYCNOS	1
MYCNUT	1
MYEOV	1
MYG1	1
MYH13	1
MYH2	1
MYH6	1
MYH7B	1
MYHAS	1
MYL4	1
MYL9	1
MYLK-AS1	1
MYLK2	1
MYO15B	1
MYO18A	1
MYO1E	1
MYOCD	1
MYOM3	1
MYOT	1
MYOZ1	1
MYSM1	1
MYT1	1
MYT1L	1
N4BP1	1
NAA16	1
NAA25	1
NAALAD2	1
NACA	1
NACA3P	1
NACAP6	1
NACAP7	1
NAGPA	1
NAGS	1
NALF1	1
NAMA	1
NAMPTP1	1
NANOS1	1
NANOS3	1
NANP	1
NAPSA	1
NAPSB	1
NARS1	1
NAT8L	1
NATD1	1
NAXD	1
NBEAL2	1
NBPF12	1
NBPF13P	1
NBPF14	1
NBPF26	1
NBPF2P	1
NBPF8	1
NBR2	1
NCCRP1	1
NCF1B	1
NCK1-DT	1
NCKAP1L	1
NCKIPSD	1
NCLN	1
NCMAP	1
NCOA1	1
NCOA4P1	1
NDUFA12P1	1
NDUFA3P6	1
NDUFA4	1
NDUFA6	1
NDUFAF2	1
NDUFAF3	1
NDUFAF5	1
NDUFB3	1
NDUFB4P10	1
NDUFB4P4	1
NDUFB7	1
NDUFS3	1
NDUFS5P5	1
NECTIN2	1
NECTIN3	1
NECTIN3-AS1	1
NEFH	1
NEK1	1
NEK2	1
NEK2P2	1
NELFA	1
NENF	1
NEPNP	1
NEPRO	1
NEUROD2	1
NEXMIF	1
NF1P5	1
NFAT5	1
NFATC2IP	1
NFATC3	1
NFIA	1
NFIA-AS2	1
NFIB-AS1	1
NFKB1-AS1	1
NFKBIA	1
NFKBIB	1
NFYC	1
NGF	1
NGLY1	1
NGRNP3	1
NHLH1	1
NHLH2	1
NICOL1	1
NIFK	1
NIFK-AS1	1
NIFKP1	1
NIFKP6	1
NIFKP7	1
NINJ2	1
NIP7	1
NIP7P1	1
NIPAL2	1
NIT2	1
NKAIN1	1
NKAP	1
NKIRAS2	1
NKX2-8	1
NLRC4	1
NLRP2	1
NLRP3	1
NLRP5	1
NLRP6	1
NLRP7	1
NLRP9	1
NLRX1	1
NMNAT1	1
NNT	1
NOB1	1
NOC2L	1
NOC3L	1
NOC4L	1
NOG	1
NOLC1P1	1
NOMO3	1
NOP2	1
NORAD	1
NOS1	1
NOS2P1	1
NOSIP	1
NOTCH3	1
NOTUM	1
NOX1	1
NPAS2	1
NPAT	1
NPC2	1
NPEPL1	1
NPEPPS	1
NPIPA5	1
NPIPA6	1
NPIPA8	1
NPIPB10P	1
NPIPB2	1
NPIPB3	1
NPIPB4	1
NPIPB8	1
NPM1P17	1
NPM1P36	1
NPM1P46	1
NPM1P49	1
NPPB	1
NPR1	1
NPY2R-AS1	1
NR0B2	1
NR2E1	1
NR2E3	1
NR4A2	1
NRBF2P3	1
NRIP3	1
NRROS	1
NRSN1	1
NSA2	1
NSA2P2	1
NSD1	1
NSF	1
NSUN7	1
NT5C3B	1
NT5ELP	1
NT5M	1
NTAQ1	1
NTM	1
NTM-IT	1
NTMT2	1
NTN5	1
NTNG1	1
NTSR2	1
NUCB1	1
NUDT1	1
NUDT14	1
NUMA1	1
NUP85	1
NUPR2	1
NUS1	1
NUS1P4	1
NUTM2A	1
NUTM2B	1
NUTM2HP	1
NWD1	1
NXF3	1
NXF4	1
OASL2P	1
OBP2A	1
OBSCN	1
ODAD2	1
ODAD4	1
ODF2L	1
ODF4	1
OGA	1
OGFOD3	1
OIP5	1
OIP5-AS1	1
OIT3	1
OLFM1	1
OLFML2A	1
OPA3	1
OPHN1	1
OPRL1	1
OPTC	1
OR10G3	1
OR10K1	1
OR10Q2P	1
OR10V1	1
OR10X1	1
OR10Y1P	1
OR11L1	1
OR13J1	1
OR14J1	1
OR1D2	1
OR1D3P	1
OR1E3	1
OR1F1	1
OR1K1	1
OR1L3	1
OR1L6	1
OR1P1	1
OR1Q1	1
OR1S2	1
OR2AO1P	1
OR2AQ1P	1
OR2B3	1
OR2C1	1
OR2C3	1
OR2D2	1
OR2G2	1
OR2G6	1
OR2H2	1
OR2H5P	1
OR2L5	1
OR2L8	1
OR2M7	1
OR2S2	1
OR4A11P	1
OR4A15	1
OR4C50P	1
OR4D7P	1
OR4F2P	1
OR4K2	1
OR4K6P	1
OR51B4	1
OR51B6	1
OR51E1	1
OR51I1	1
OR51M1	1
OR52A1	1
OR52E2	1
OR52J1P	1
OR52N2	1
OR56B2	1
OR5AN2P	1
OR5AP2	1
OR5BD1P	1
OR5BP1P	1
OR5K1	1
OR5L2	1
OR5M1	1
OR5M14P	1
OR5M4P	1
OR6C3	1
OR6C68	1
OR6M1	1
OR6S1	1
OR7A11P	1
OR7C1	1
OR7C2	1
OR7E111FP	1
OR7E125P	1
OR7E24	1
OR7E53P	1
OR7E66P	1
OR7E87P	1
OR7E93P	1
OR7E97P	1
OR7E99P	1
OR7G1	1
OR7G3	1
OR7H2P	1
OR8B2	1
OR8B3	1
OR8D4	1
OR8G5	1
OR8H3	1
OR8T1P	1
OR9Q1	1
OR9S24P	1
ORMDL3	1
OSBP2	1
OSBPL7	1
OSBPL9	1
OSBPL9P2	1
OSCAR	1
OSCP1	1
OSGEPL1	1
OSGIN2	1
OSMR-DT	1
OSTM1-AS1	1
OTOA	1
OTOAP1	1
OTOR	1
OTOS	1
OTP	1
OTUD4	1
OTUD7B	1
OTX2-AS1	1
OVAAL	1
OVCH1	1
OVCH2	1
OVOL2	1
OXA1L	1
OXA1L-DT	1
OXER1	1
P2RX6	1
P2RY11	1
P2RY14	1
P2RY2	1
P2RY4	1
P3H4	1
PA2G4P5	1
PABIR2	1
PABIR3	1
PABPC1P12	1
PABPC4	1
PABPN1L	1
PACS1	1
PADI3	1
PADI6	1
PAGE5	1
PAICSP3	1
PAIP1P2	1
PAK6	1
PALM	1
PALM2AKAP2	1
PALMD	1
PALS2	1
PANK2-AS1	1
PANX2	1
PARAL1	1
PARD3B	1
PARGP1	1
PARK7	1
PARP2	1
PARP3	1
PARP4	1
PARP6	1
PARPBP	1
PARS2	1
PART1	1
PATJ-DT	1
PATL1	1
PATZ1	1
PAUPAR	1
PAWR	1
PAX5	1
PAX9	1
PAXBP1	1
PBX2	1
PBX3-DT	1
PBX4	1
PCAT5	1
PCCA-DT	1
PCDH11X	1
PCDH12	1
PCDH20	1
PCDHA12	1
PCDHB11	1
PCDHB16	1
PCDHB2	1
PCDHB3	1
PCDHB5	1
PCDHB7	1
PCDHB8	1
PCDHGB3	1
PCGEM1	1
PCGF3-AS1	1
PCGF6	1
PCGF7P	1
PCIF1	1
PCSEAT	1
PCSK1N	1
PCTP	1
PCYT1B-AS1	1
PDCD2L	1
PDCD5P1	1
PDCD6	1
PDCL	1
PDE12	1
PDE4DIPP10	1
PDE4DIPP9	1
PDE6C	1
PDE7A	1
PDE8A	1
PDGFB	1
PDGFRA	1
PDGFRL	1
PDHA1	1
PDHX	1
PDIA3	1
PDILT	1
PDK1	1
PDK3	1
PDK4-AS1	1
PDLIM3	1
PDLIM4	1
PDLIM7	1
PDPK1	1
PDSS1	1
PDXP-DT	1
PDZD8	1
PDZK1IP1	1
PEAK3	1
PELI3	1
PELP1	1
PEPD	1
PERM1	1
PERPP3	1
PES1-AS1	1
PEX11G	1
PEX12	1
PF4V1	1
PFKFB3	1
PFKFB4	1
PFKL	1
PFKP-DT	1
PGAP1	1
PGBD4	1
PGBD4P2	1
PGK1P2	1
PGLYRP1	1
PGLYRP2	1
PHACTR2-AS1	1
PHACTR3	1
PHACTR4	1
PHAF1	1
PHB1	1
PHB1P7	1
PHC2	1
PHF19	1
PHF2	1
PHF20L1	1
PHF21B	1
PHF2P2	1
PHF7	1
PHGDH	1
PHGR1	1
PHKA2	1
PHKG1	1
PHLDB2	1
PHLPP1	1
PHOSPHO2	1
PHYH	1
PI16	1
PI4KB	1
PICSAR	1
PIEZO1	1
PIGBOS1	1
PIGN	1
PIGO	1
PIGPP3	1
PIGT	1
PIGU	1
PIGW	1
PIGZ	1
PIH1D2	1
PIK3C2G	1
PIK3CA-DT	1
PIK3CDP1	1
PIK3IP1	1
PIK3R5-DT	1
PILRB	1
PIN4	1
PINLYP	1
PIP	1
PIP4K2A	1
PIP4K2C	1
PIP5K1C	1
PIP5K1P1	1
PITPNA	1
PITRM1	1
PITX1	1
PIWIL1	1
PIWIL2-DT	1
PJA1	1
PKD1P3	1
PKD2L2-DT	1
PKHD1	1
PKIA-AS1	1
PKIG	1
PKMP4	1
PKMP5	1
PKN1	1
PKP2	1
PKP3	1
PLA2G10CP	1
PLA2G10EP	1
PLA2G2D	1
PLA2G4F	1
PLA2G5	1
PLA2G6	1
PLAAT4	1
PLAC9P1	1
PLAGL2	1
PLAU	1
PLCB1	1
PLCB4	1
PLCD3	1
PLCH2	1
PLD2	1
PLD4	1
PLEKHA8P1	1
PLEKHG2	1
PLEKHG5	1
PLEKHH2	1
PLEKHM1	1
PLGLB2	1
PLIN4	1
PLK3	1
PLK4	1
PLLPP1	1
PLP1	1
PLP2	1
PLPPR4	1
PLS1	1
PLSCR4P1	1
PLVAP	1
PLXNA3	1
PLXNB3	1
PMM2	1
PMPCA	1
PMS2P7	1
PNKP	1
PNLDC1	1
PNLIPRP3	1
PNMA2	1
PNMA3	1
PNN	1
PNOC	1
PNPLA3	1
PNPLA7	1
PNPT1P1	1
PNRC2	1
PNRC2P1	1
POC1A	1
PODNL1	1
POGK	1
POGLUT2	1
POGLUT3	1
POLDIP3	1
POLE2	1
POLI	1
POLR1A	1
POLR1D	1
POLR1F	1
POLR2D	1
POLR2DP2	1
POLR2E	1
POLR2I	1
POLR2J	1
POLR2M	1
POLR3C	1
POLR3GP2	1
POLR3H	1
POM121L10P	1
POM121L12	1
POM121L8P	1
POMC	1
POP7	1
POPDC1-AS1	1
POSTN	1
POTEJ	1
POTEKP	1
POTEM	1
POU2AF3	1
POU2F1-DT	1
POU2F3	1
PPARD	1
PPEF1-AS1	1
PPFIBP1	1
PPIAP27	1
PPIAP34	1
PPIAP8	1
PPIAP80	1
PPIAP86	1
PPIAP9	1
PPIL1P1	1
PPM1F	1
PPM1K-DT	1
PPM1N	1
PPP1CB-DT	1
PPP1CC	1
PPP1R12A-AS1	1
PPP1R13L	1
PPP1R14D	1
PPP1R15B	1
PPP1R16B	1
PPP1R1B	1
PPP1R21	1
PPP1R26	1
PPP1R27	1
PPP1R37	1
PPP1R3G	1
PPP1R7	1
PPP2R2B-IT1	1
PPP2R2D	1
PPP2R5E	1
PPP4R1	1
PPP4R2	1
PPP4R2P2	1
PPP6R2P1	1
PRAC1	1
PRAF2	1
PRAMEF11	1
PRAMEF13	1
PRAMEF2	1
PRAMEF27	1
PRAMEF32P	1
PRAMENP	1
PRB2	1
PRCC	1
PRDM16	1
PRDX1	1
PRELID2	1
PRELID3A	1
PRF1	1
PRG3	1
PRKAB1-AS1	1
PRKAR2A	1
PRKCH	1
PRKCI	1
PRKRA	1
PRMT2	1
PRMT5	1
PRNCR1	1
PRO1804	1
PROCR	1
PROK1	1
PRORP	1
PROSER1	1
PROSER2-AS1	1
PROX1-AS1	1
PRPF8	1
PRPH2	1
PRPS1	1
PRPS1L1	1
PRPSAP1	1
PRR13	1
PRR14	1
PRR15	1
PRR15-DT	1
PRR23B	1
PRR32	1
PRR33	1
PRRC2A	1
PRRC2C	1
PRRT2	1
PRRT4	1
PRSS12	1
PRSS21	1
PRSS41	1
PRSS48	1
PRSS57	1
PRX	1
PRXL2A	1
PRXL2C	1
PSD4	1
PSEN2	1
PSG1	1
PSG8	1
PSG9	1
PSKH1	1
PSMA6	1
PSMC4	1
PSMD2	1
PSMD4	1
PSME4	1
PSMG3P2	1
PSPH	1
PSTK	1
PTAR1	1
PTBP2	1
PTBP3	1
PTDSS2	1
PTGER3	1
PTGER3-AS1	1
PTGES3	1
PTGR1	1
PTGR3	1
PTGS1	1
PTH1R	1
PTH2	1
PTMA	1
PTOV1-AS1	1
PTOV1P1	1
PTP4A3	1
PTPMT1	1
PTPN1	1
PTPN11P4	1
PTPN13	1
PTPN7	1
PTPN9	1
PTPRCAP	1
PTPRN2	1
PTPRO	1
PTPRS	1
PTX4	1
PUS7	1
PXDN	1
PXT1	1
PXYLP1	1
PYDC1	1
PYGB	1
PYGO2	1
PYM1	1
PYY	1
PYY2	1
PZP	1
QDPR	1
QPRT	1
QSOX2	1
RAB11AP1	1
RAB11FIP3	1
RAB14	1
RAB15	1
RAB20	1
RAB30-DT	1
RAB34	1
RAB37	1
RAB3A	1
RAB3GAP1	1
RAB3IL1	1
RAB40A	1
RAB42	1
RAB6C	1
RAB6D	1
RAB8A	1
RAB9B	1
RABEP1	1
RABEPK	1
RABGAP1L-DT	1
RAC1P3	1
RAD1P1	1
RAD51AP1	1
RAET1E	1
RAET1G	1
RALBP1P1	1
RAMP1	1
RAMP3	1
RANBP17	1
RANBP3	1
RANBP6	1
RANGRF	1
RANP6	1
RAPGEF1	1
RAPGEF6	1
RAPSN	1
RARS1	1
RASA2	1
RASD1	1
RASGEF1C	1
RASL10A	1
RASL11B	1
RASSF5	1
RAVER2	1
RBAK	1
RBBP4P4	1
RBBP4P5	1
RBBP8NL	1
RBFADN	1
RBIS	1
RBM12	1
RBM12B	1
RBM15	1
RBM19	1
RBM3	1
RBM4B	1
RBM6	1
RBMX2	1
RBP7	1
RBPMS2	1
RC3H1	1
RC3H2	1
RCAN3AS	1
RCC1	1
RCC2P8	1
RCCD1	1
RCL1	1
RCN1	1
RCSD1	1
RCVRN	1
RDH12	1
RDH13	1
RDH5	1
RDM1P5	1
REL-DT	1
RELA	1
RELA-DT	1
RELB	1
RELCH	1
RER1	1
RET	1
REXO1	1
REXO1L4P	1
REXO1L6P	1
REXO4	1
RFESDP1	1
RFLNB	1
RFPL1	1
RFT1	1
RFX6	1
RGCC	1
RGL3	1
RGMB-AS1	1
RGN	1
RGPD2	1
RGPD4	1
RGPD8	1
RGS1	1
RGS10	1
RGS11	1
RGS12	1
RGS14	1
RGS2	1
RGS20	1
RGS22	1
RGS3	1
RHBDD3	1
RHBDF1P1	1
RHBDL3	1
RHD	1
RHNO1	1
RIMS1	1
RIMS2	1
RIN2	1
RIN3	1
RING1	1
RINL	1
RINT1	1
RIPK1	1
RIPOR1	1
RLIG1P2	1
RLN3	1
RMDN3	1
RN7SKP119	1
RN7SKP127	1
RN7SKP129	1
RN7SKP132	1
RN7SKP165	1
RN7SKP172	1
RN7SKP174	1
RN7SKP189	1
RN7SKP192	1
RN7SKP196	1
RN7SKP199	1
RN7SKP280	1
RN7SL126P	1
RN7SL159P	1
RN7SL165P	1
RN7SL190P	1
RN7SL197P	1
RN7SL237P	1
RN7SL291P	1
RN7SL313P	1
RN7SL322P	1
RN7SL346P	1
RN7SL372P	1
RN7SL408P	1
RN7SL420P	1
RN7SL43P	1
RN7SL478P	1
RN7SL507P	1
RN7SL50P	1
RN7SL52P	1
RN7SL555P	1
RN7SL569P	1
RN7SL586P	1
RN7SL621P	1
RN7SL62P	1
RN7SL679P	1
RN7SL688P	1
RN7SL703P	1
RN7SL713P	1
RN7SL785P	1
RN7SL802P	1
RN7SL811P	1
RN7SL825P	1
RNA5S12	1
RNA5S5	1
RNA5SP124	1
RNA5SP136	1
RNA5SP181	1
RNA5SP204	1
RNA5SP224	1
RNA5SP263	1
RNA5SP287	1
RNA5SP347	1
RNA5SP396	1
RNA5SP41	1
RNA5SP427	1
RNA5SP44	1
RNA5SP443	1
RNA5SP448	1
RNA5SP474	1
RNA5SP504	1
RNA5SP505	1
RNA5SP64	1
RNA5SP86	1
RNASEH1-DT	1
RNASEH2B	1
RND2	1
RNF11	1
RNF112	1
RNF114	1
RNF135	1
RNF145	1
RNF168	1
RNF19A	1
RNF19BPY	1
RNF216	1
RNF24	1
RNF4	1
RNF41	1
RNF8	1
RNGTT	1
RNPC3-DT	1
RNPEPL1	1
RNU1-130P	1
RNU1-136P	1
RNU1-46P	1
RNU105C	1
RNU2-23P	1
RNU2-48P	1
RNU2-62P	1
RNU4-11P	1
RNU4-42P	1
RNU4-58P	1
RNU4-71P	1
RNU4-75P	1
RNU4-92P	1
RNU4ATAC14P	1
RNU5A-1	1
RNU5E-5P	1
RNU5E-8P	1
RNU6-1133P	1
RNU6-1155P	1
RNU6-1228P	1
RNU6-1256P	1
RNU6-1290P	1
RNU6-147P	1
RNU6-165P	1
RNU6-189P	1
RNU6-193P	1
RNU6-219P	1
RNU6-22P	1
RNU6-317P	1
RNU6-31P	1
RNU6-34P	1
RNU6-36P	1
RNU6-376P	1
RNU6-380P	1
RNU6-41P	1
RNU6-464P	1
RNU6-523P	1
RNU6-557P	1
RNU6-608P	1
RNU6-634P	1
RNU6-756P	1
RNU6-761P	1
RNU6-775P	1
RNU6-778P	1
RNU6-783P	1
RNU6-832P	1
RNU6-867P	1
RNU6-945P	1
RNU6-967P	1
RNU6-973P	1
RNU6-997P	1
RNU7-160P	1
RNU7-190P	1
RNU7-24P	1
RNVU1-15	1
RNVU1-23	1
RNY1	1
ROCK1	1
ROM1	1
ROPN1L	1
RORA	1
ROS1	1
RP1	1
RP1L1	1
RP9	1
RPA4	1
RPAP2	1
RPH3AL	1
RPH3AL-AS2	1
RPL10P18	1
RPL12P33	1
RPL12P34	1
RPL12P39	1
RPL12P48	1
RPL13	1
RPL13AP23	1
RPL13AP24	1
RPL13P14	1
RPL14P1	1
RPL15P3	1
RPL17	1
RPL18A	1
RPL19	1
RPL19P20	1
RPL19P4	1
RPL21P103	1
RPL21P110	1
RPL21P111	1
RPL21P130	1
RPL21P30	1
RPL21P37	1
RPL21P39	1
RPL21P76	1
RPL22P14	1
RPL22P18	1
RPL22P8	1
RPL23AP19	1
RPL23AP26	1
RPL23AP61	1
RPL23AP71	1
RPL23AP93	1
RPL23P11	1
RPL26	1
RPL26L1	1
RPL27P7	1
RPL29	1
RPL29P17	1
RPL29P9	1
RPL3	1
RPL31P33	1
RPL31P41	1
RPL31P53	1
RPL31P8	1
RPL32P25	1
RPL32P3	1
RPL32P30	1
RPL32P33	1
RPL32P7	1
RPL34	1
RPL34P1	1
RPL34P23	1
RPL34P29	1
RPL34P8	1
RPL35AP37	1
RPL35P5	1
RPL35P9	1
RPL36AP52	1
RPL36P11	1
RPL37P3	1
RPL39L	1
RPL3P12	1
RPL3P7	1
RPL3P8	1
RPL5	1
RPL5P17	1
RPL5P25	1
RPL5P31	1
RPL6	1
RPL6P1	1
RPL7A	1
RPL7AP18	1
RPL7AP27	1
RPL7AP61	1
RPL7L1	1
RPL7L1P14	1
RPL7L1P18	1
RPL7L1P20	1
RPL7L1P8	1
RPL7P13	1
RPL7P16	1
RPL7P23	1
RPL8P1	1
RPL9P21	1
RPLP0P2	1
RPLP0P8	1
RPN2	1
RPP30	1
RPP40	1
RPPH1-3P	1
RPRM	1
RPS10	1
RPS12	1
RPS12P4	1
RPS15AP37	1
RPS16	1
RPS17P7	1
RPS18P13	1
RPS2	1
RPS20	1
RPS20P32	1
RPS21P2	1
RPS24	1
RPS24P18	1
RPS24P8	1
RPS25P7	1
RPS26P56	1
RPS27L	1
RPS29	1
RPS29P13	1
RPS29P8	1
RPS2P4	1
RPS2P48	1
RPS3A	1
RPS3AP13	1
RPS3AP25	1
RPS3AP33	1
RPS3AP6	1
RPS3AP9	1
RPS4XP13	1
RPS4XP3	1
RPS4XP6	1
RPS5P7	1
RPS6KA2	1
RPS6KA5	1
RPS7P1	1
RPS7P5	1
RPSA2	1
RPSAP11	1
RPSAP17	1
RPSAP37	1
RPSAP4	1
RPSAP52	1
RPSAP54	1
RPTOR	1
RPUSD2	1
RPUSD3	1
RRAD	1
RRAGA	1
RRAGC-DT	1
RRM2P2	1
RSBN1	1
RSKR	1
RSL1D1	1
RSL24D1	1
RTBDN	1
RTCA	1
RTL5	1
RTL6	1
RTN2	1
RTN3	1
RTP3	1
RUBCN	1
RUFY4	1
RUNDC1	1
RWDD2B	1
RYR3	1
S100A11P5	1
S100A11P7	1
S100A4	1
S100G	1
SAA4	1
SACM1L	1
SACS	1
SAG	1
SALL4	1
SALL4P6	1
SAMD14	1
SAMD4A	1
SAMHD1	1
SAMMSON	1
SAMSN1	1
SANBR	1
SAP130	1
SAP18P1	1
SAP30BP	1
SAPCD1	1
SAPCD2P3	1
SAR1A	1
SAR1AP3	1
SAR1B	1
SAXO5	1
SAYSD1	1
SBF1	1
SBF1P2	1
SCAMP2	1
SCAMP4	1
SCAMP5	1
SCAPER	1
SCAT1	1
SCG3	1
SCGB1A1	1
SCGB1D2	1
SCGB2A2	1
SCGB3A2	1
SCIMP	1
SCMH1-DT	1
SCN1B	1
SCN4A	1
SCN4B	1
SCP2D1	1
SCYL1	1
SDAD1	1
SDAD1P3	1
SDF2L1	1
SDHAF1	1
SDHD	1
SDK1	1
SDK2	1
SDR16C6P	1
SDR42E2	1
SEC14L1	1
SEC16A	1
SEC1P	1
SEC22B	1
SEC61A2	1
SEC61G-DT	1
SEC61GP1	1
SEC63	1
SEL1L	1
SELENOOLP	1
SELENOW	1
SELENOWP1	1
SELL	1
SELPLG	1
SEMA3A	1
SEMA4B	1
SEMA7A	1
SENP3	1
SEPTIN10	1
SEPTIN3	1
SEPTIN7P3	1
SEPTIN7P9	1
SEPTIN9-DT	1
SERBP1P3	1
SERP1	1
SERPINA3	1
SERPINB12	1
SERPINB5	1
SERPIND1	1
SERPINE2	1
SERTAD1	1
SET	1
SETD1A	1
SETD2	1
SETD5	1
SETP8	1
SEZ6	1
SF3A1	1
SF3A3	1
SF3B4	1
SFRP5	1
SFSWAP	1
SFTPA2	1
SFXN4	1
SGCE	1
SGCG	1
SGO1	1
SGTB	1
SH2D6	1
SH3D19	1
SH3GLB2	1
SH3PXD2B	1
SH3RF1	1
SH3TC2-DT	1
SHANK1	1
SHBG	1
SHE	1
SHISAL2A	1
SHQ1	1
SHROOM3	1
SIAH2	1
SIDT1	1
SIGLEC1	1
SIGLEC12	1
SIGLEC24P	1
SIGLECL1	1
SIGMAR1	1
SIK2	1
SIMC1	1
SIPA1L3	1
SIRPD	1
SIRT6	1
SIX5	1
SIX6	1
SKIC2	1
SKP1P1	1
SLA	1
SLA2	1
SLAIN1	1
SLAMF8	1
SLBP	1
SLC10A3	1
SLC11A1	1
SLC11A2	1
SLC12A7	1
SLC12A8	1
SLC15A2	1
SLC15A4	1
SLC16A14P1	1
SLC16A3	1
SLC16A5	1
SLC16A6	1
SLC17A1	1
SLC17A4	1
SLC17A5	1
SLC18B1	1
SLC19A1	1
SLC19A4P	1
SLC1A3-AS1	1
SLC1A5	1
SLC1A7	1
SLC20A1-DT	1
SLC22A6	1
SLC23A4P	1
SLC24A2	1
SLC25A12	1
SLC25A29	1
SLC25A3	1
SLC25A30-AS1	1
SLC25A35	1
SLC25A37	1
SLC25A45	1
SLC25A5	1
SLC25A51P3	1
SLC25A51P4	1
SLC25A6P2	1
SLC26A2	1
SLC26A9	1
SLC27A3	1
SLC27A4	1
SLC28A3	1
SLC29A1	1
SLC29A2	1
SLC29A3	1
SLC29A4	1
SLC2A9	1
SLC30A3	1
SLC30A7	1
SLC31A1P1	1
SLC35C2P1	1
SLC35E3	1
SLC35E4	1
SLC35G6	1
SLC36A3	1
SLC37A3	1
SLC38A2	1
SLC38A6	1
SLC38A9	1
SLC39A13	1
SLC39A13-AS1	1
SLC39A14	1
SLC39A1P1	1
SLC39A5	1
SLC39A8	1
SLC44A3-AS1	1
SLC45A1	1
SLC45A2	1
SLC45A4	1
SLC49A3	1
SLC4A1	1
SLC4A10	1
SLC4A11	1
SLC4A1AP	1
SLC4A1APP2	1
SLC4A7	1
SLC4A8-AS1	1
SLC52A2	1
SLC5A4P1	1
SLC5A5	1
SLC66A1LP	1
SLC66A3	1
SLC67A1	1
SLC6A12	1
SLC6A13	1
SLC6A14P1	1
SLC6A16	1
SLC6A18	1
SLC6A20	1
SLC6A4	1
SLC6A8	1
SLC7A14	1
SLC7A5	1
SLC7A6	1
SLC7A8	1
SLC9A3P1	1
SLC9A5	1
SLC9A9	1
SLC9B1	1
SLC9B1P3	1
SLC9C1	1
SLCO1B3	1
SLF1	1
SLFN13	1
SLFN14	1
SLFNL1-AS1	1
SLURP2	1
SLX9	1
SMAD3-DT	1
SMARCA4	1
SMARCAL1-AS1	1
SMARCE1	1
SMC2	1
SMCR8	1
SMG1-DT	1
SMG1P5	1
SMIM10	1
SMIM12	1
SMIM18	1
SMIM2-AS1	1
SMIM22	1
SMIM29	1
SMIM33	1
SMIM38	1
SMIM7	1
SMIM8	1
SMKR1	1
SMO	1
SMOC2	1
SMPD1	1
SMPD3	1
SMYD4	1
SNAI1	1
SNAP47	1
SNAPC1	1
SNAPC4	1
SNF8	1
SNHG1	1
SNHG18	1
SNHG25	1
SNHG26	1
SNN	1
SNORD114-31	1
SNORD115-1	1
SNORD116-24	1
SNORD3B-2	1
SNRNP35	1
SNRPD1	1
SNRPD2	1
SNRPE	1
SNRPEP2	1
SNRPEP4	1
SNRPGP19	1
SNRPN	1
SNX17	1
SNX19P2	1
SNX3	1
SOCS5P3	1
SOCS5P5	1
SOCS6P1	1
SORBS1	1
SORD	1
SOX12	1
SOX2	1
SOX21-AS1	1
SOX5-AS1	1
SOX6	1
SOX7	1
SP6	1
SP7	1
SP9	1
SPAG16-DT	1
SPAG8	1
SPATA13	1
SPATA2	1
SPATA21	1
SPATA3-AS1	1
SPATA31A6	1
SPATA31C1	1
SPATA31D5P	1
SPATA31H1	1
SPATA4	1
SPATA9	1
SPATS1	1
SPCS2P4	1
SPDEF	1
SPDYE1	1
SPDYE10	1
SPDYE21	1
SPDYE5	1
SPECC1	1
SPECC1L	1
SPEG	1
SPEN	1
SPG21	1
SPHK1	1
SPIN4	1
SPINK2	1
SPINK5	1
SPINT1	1
SPINT1-AS1	1
SPINT2	1
SPMAP2L	1
SPMIP11	1
SPO11	1
SPOCK1	1
SPPL2C	1
SPRN	1
SPRR2E	1
SPRY4	1
SPRYD7	1
SPSB1	1
SPTB	1
SQOR	1
SRCAP	1
SRD5A1	1
SRGAP2D	1
SRGN	1
SRL	1
SRP54	1
SRRM1	1
SRRM3	1
SRSF1P1	1
SRSF3	1
SRSF3P5	1
SRSF5	1
SRSF7	1
SRSF8	1
SSC4D	1
SSC5D	1
SSPN-AS1	1
SSR2	1
SSU72	1
SSU72L2	1
SSU72P6	1
SSX13P	1
SSX5	1
ST13P13	1
ST13P19	1
ST6GALNAC4P1	1
ST6GALNAC5	1
ST7-OT4	1
ST8SIA1	1
ST8SIA2	1
ST8SIA5-DT	1
STAB1	1
STAG3L2	1
STAM	1
STAMBPL1	1
STAR	1
STARD3NL	1
STARD7-AS1	1
STARD8	1
STARD9	1
STAT3	1
STAT5A	1
STAT6	1
STBD1	1
STEAP1B-AS1	1
STIL	1
STING1	1
STIP1P3	1
STK10	1
STK11IP	1
STMN3	1
STON2	1
STRA6	1
STRIP2	1
STRN	1
STS	1
STX11	1
STX16	1
STX17	1
STX18-AS1	1
STX2	1
STX5-DT	1
STX8P1	1
STYK1	1
SUCLA2	1
SUCLG1	1
SUCLG2	1
SUCLG2-DT	1
SUCLG2P2	1
SUCLG2P4	1
SUGP1	1
SUGT1P3	1
SULT1B1	1
SULT1C3	1
SULT2B1	1
SUMO2P20	1
SUPT16HP1	1
SUPT4H1	1
SUPT5H	1
SUPT6H	1
SUSD6	1
SV2C	1
SVEP1	1
SVIL-AS1	1
SYCN	1
SYNAGE	1
SYP	1
SYPL2	1
SYT1-AS1	1
SYT11	1
SYT14	1
SYTL1	1
SZT2	1
TAB2	1
TAC1	1
TAC4	1
TACC1P1	1
TACC3	1
TACR2	1
TACSTD2	1
TADA2B	1
TAF11	1
TAF11L2	1
TAF12-DT	1
TAF15	1
TAF1B	1
TAF1L	1
TAF5	1
TAF6L	1
TAF7	1
TAF8	1
TAF9	1
TAFA5	1
TAGAP	1
TAGAP-AS1	1
TAGLN2	1
TALDO1	1
TAMALIN	1
TANGO2	1
TANGO6	1
TARDBP	1
TARDBPP2	1
TARDBPP4	1
TARID	1
TARM1	1
TARP	1
TARS3	1
TAS2R30	1
TAS2R41	1
TASOR	1
TATDN1	1
TAX1BP1	1
TBATA	1
TBC1D1	1
TBC1D10C	1
TBC1D19	1
TBC1D25	1
TBC1D2B	1
TBC1D31	1
TBC1D3B	1
TBC1D3F	1
TBC1D3P1	1
TBC1D3P4	1
TBC1D3P5	1
TBC1D5	1
TBCA	1
TBCB	1
TBCC	1
TBCD	1
TBK1	1
TBL1XR1	1
TBL2	1
TBPL2	1
TBX10	1
TBX18-AS1	1
TBX21	1
TCAF2	1
TCAM1P	1
TCEA1	1
TCEA1P1	1
TCEAL2	1
TCERG1L	1
TCF12-DT	1
TCF25	1
TCF4-AS1	1
TCF7	1
TCF7L1	1
TCFL5	1
TCN2	1
TCP10L3	1
TDGP1	1
TDRD3	1
TEDDM2P	1
TEF	1
TEKT5	1
TEKTIP1	1
TEN1	1
TENM1	1
TENM4	1
TENT4B	1
TENT5B	1
TERF1	1
TERF2	1
TESPA1	1
TET1P1	1
TEX13C	1
TEX19	1
TEX2	1
TEX261	1
TEX30	1
TEX36	1
TEX46	1
TEX52	1
TEX53	1
TFAP2D	1
TFB2M	1
TFDP1P2	1
TFDP2	1
TFE3	1
TFF1	1
TFG	1
TFPI2	1
TFRC	1
TG	1
TGFBR3L	1
TGIF2	1
TGILR	1
TGM2	1
TGM6	1
TGS1	1
THAP1	1
THAP3P1	1
THAP4	1
THAP9	1
THBS1	1
THBS2	1
THBS3	1
THBS4	1
THEM4	1
THEM5	1
THEMIS3P	1
THNSL1	1
THOC5	1
THRAP3P1	1
THY1	1
TIAL1	1
TIAM1-AS1	1
TICAM1	1
TICAM2	1
TIGD1	1
TIGD4	1
TIGD7	1
TIMELESS	1
TIMM13	1
TIMM17A	1
TIMM17B	1
TIMM21	1
TIMM22	1
TIMM44	1
TINF2	1
TIPARP	1
TIPARP-AS1	1
TIPIN	1
TIPRL	1
TJP1	1
TLCD3B	1
TLE5	1
TLE7	1
TLK2P2	1
TLR7	1
TLX1	1
TM4SF19	1
TM6SF1	1
TM6SF2	1
TMBIM7P	1
TMC1	1
TMC2	1
TMC7	1
TMCC1	1
TMCO4	1
TMED10	1
TMED2-DT	1
TMED6	1
TMED8	1
TMEM105	1
TMEM107	1
TMEM114	1
TMEM117	1
TMEM121	1
TMEM121B	1
TMEM123	1
TMEM125	1
TMEM129	1
TMEM138	1
TMEM139-AS1	1
TMEM14A	1
TMEM151B	1
TMEM161A	1
TMEM161B-DT	1
TMEM167A	1
TMEM171	1
TMEM176A	1
TMEM179	1
TMEM179B	1
TMEM181	1
TMEM182	1
TMEM183AP3	1
TMEM183BP	1
TMEM184A	1
TMEM187	1
TMEM191B	1
TMEM200B	1
TMEM205	1
TMEM212	1
TMEM225	1
TMEM229A	1
TMEM234	1
TMEM240	1
TMEM241	1
TMEM250	1
TMEM254	1
TMEM26-AS1	1
TMEM270	1
TMEM273	1
TMEM275	1
TMEM30B	1
TMEM33	1
TMEM37	1
TMEM38A	1
TMEM40	1
TMEM42	1
TMEM45A	1
TMEM50B	1
TMEM51-AS1	1
TMEM63A	1
TMEM63C	1
TMEM68	1
TMEM79	1
TMEM9	1
TMEM94	1
TMEM98	1
TMEM9B	1
TMOD2	1
TMOD3	1
TMOD4	1
TMPRSS11F	1
TMSB15B-AS1	1
TMT1B	1
TMTC2	1
TMX4	1
TNFAIP3	1
TNFAIP6	1
TNFRSF11A	1
TNFRSF13B	1
TNFRSF14	1
TNFSF10	1
TNFSF11	1
TNFSF14	1
TNFSF15	1
TNFSF9	1
TNIK	1
TNIP2	1
TNIP3	1
TNKS1BP1	1
TNMD	1
TNPO1-DT	1
TNPO3	1
TNS1	1
TOB1-AS1	1
TOMM34	1
TONSL	1
TOP1MT	1
TOPBP1	1
TOX4	1
TP53	1
TP53INP1	1
TPBGL-AS1	1
TPCN1	1
TPD52L1	1
TPI1P1	1
TPM4	1
TPM4P2	1
TPMT	1
TPPP3	1
TPRA1	1
TPRX1	1
TPSB2	1
TPSD1	1
TPST2	1
TPT1-AS1	1
TPTE2P1	1
TRA2B	1
TRAF1	1
TRAF3	1
TRAF3IP1	1
TRAFD1	1
TRAJ18	1
TRAJ28	1
TRAJ32	1
TRAJ6	1
TRAM2-AS1	1
TRANK1	1
TRAPPC12	1
TRAPPC3	1
TRAPPC9	1
TRAV13-1	1
TRAV8-6	1
TRBV6-7	1
TRBV6-8	1
TRD-AS1	1
TRDJ3	1
TREHP1	1
TRERNA1	1
TRGV5	1
TRIB1	1
TRIB3	1
TRIM2	1
TRIM37	1
TRIM39	1
TRIM42	1
TRIM46	1
TRIM47	1
TRIM49D1	1
TRIM51G	1
TRIM52-AS1	1
TRIM55	1
TRIM6	1
TRIM63	1
TRIM72	1
TRIM75	1
TRIM77	1
TRIML2	1
TRIO	1
TRIT1	1
TRMT11	1
TRNAU1AP	1
TROAP-AS1	1
TRPC2	1
TRPC6	1
TRPC7-AS1	1
TRPM1	1
TRPM2	1
TRPV2	1
TRPV4	1
TRPV6	1
TSC22D1	1
TSC22D1-AS1	1
TSC22D3	1
TSC22D4	1
TSEN2	1
TSEN34	1
TSHR-AS1	1
TSHZ2-AS1	1
TSHZ3-AS1	1
TSNAXIP1	1
TSPAN18-AS1	1
TSPAN3	1
TSPAN33	1
TSPO2	1
TSPOAP1-AS1	1
TSR1	1
TSR3	1
TSSK3	1
TSSK6	1
TTC21B	1
TTC24	1
TTC27	1
TTC38	1
TTC9-DT	1
TTC9B	1
TTL	1
TTLL1	1
TTLL12	1
TTLL2	1
TTLL3	1
TTLL4	1
TTLL9	1
TUB	1
TUBA1B	1
TUBA1C	1
TUBA3E	1
TUBB	1
TUBB4B	1
TUBB4BP1	1
TUBB6	1
TUBD1	1
TUBG2	1
TUBGCP5	1
TUG1	1
TUSC1	1
TUSC8	1
TVP23A	1
TWSG1	1
TXLNB	1
TXNDC11	1
TXNDC2	1
TXNRD1	1
TXNRD2	1
TYMSP2	1
UAP1L1	1
UBA2	1
UBA52	1
UBA6	1
UBAC1	1
UBAC2	1
UBAC2-AS1	1
UBAP1	1
UBASH3A	1
UBE2D3-AS1	1
UBE2G2	1
UBE2I	1
UBE2J1	1
UBE2L5	1
UBE2NP1	1
UBE2SP2	1
UBE3B	1
UBE4B	1
UBIAD1	1
UBL4B	1
UBL5P3	1
UBN2	1
UBQLN1	1
UBQLN4	1
UBQLN4P1	1
UBR5-DT	1
UBTD1	1
UBTFL8	1
UBXN7	1
UCK1	1
UCMA	1
UCN	1
UCP3	1
UGT1A11P	1
UGT1A12P	1
UGT1A4	1
UGT2B24P	1
UMAD1	1
UNC13C	1
UNC50	1
UNC5D	1
UNC93B1	1
UNC93B2	1
UNGP1	1
UNKL	1
UPK3BL1	1
UPK3BL2	1
UPK3BP1	1
UQCC1	1
UQCC3	1
UQCR11	1
UROS	1
USH2A	1
USO1	1
USP12	1
USP13	1
USP17L2	1
USP21	1
USP33	1
USP34	1
USP38-DT	1
USP40	1
USP50	1
USP54	1
USP6	1
USP7	1
USP8P1	1
USPL1	1
UTF1	1
UTP25	1
UTS2	1
UTS2R	1
UVSSA	1
VAMP3	1
VAMP5	1
VAMP8	1
VAV1	1
VAV3	1
VBP1	1
VCL	1
VCX	1
VCX3A	1
VDAC3	1
VEZT	1
VHRT	1
VIT	1
VMA21	1
VMA22	1
VN1R5	1
VN1R71P	1
VN1R78P	1
VN1R85P	1
VN2R19P	1
VNN3P	1
VOPP1-DT	1
VPS11	1
VPS13C	1
VPS13D	1
VPS16	1
VPS25	1
VPS33B	1
VPS35L	1
VPS4B	1
VPS51P1	1
VPS53	1
VPS72	1
VPS8	1
VRTN	1
VSIG10L2	1
VSIG2	1
VSTM5	1
VTI1BP1	1
VTRNA1-2	1
VWA1	1
VWC2	1
VXN	1
WAC-AS1	1
WAKMAR2	1
WAPL	1
WASF2	1
WBP2	1
WDFY3	1
WDFY3-AS2	1
WDFY4	1
WDR24	1
WDR27	1
WDR3	1
WDR31	1
WDR4	1
WDR41	1
WDR45	1
WDR47	1
WDR49	1
WDR4P1	1
WDR5-DT	1
WDR54	1
WDR59	1
WDR7-OT1	1
WDR73	1
WDR89	1
WEE1P2	1
WFDC3	1
WFIKKN1	1
WFS1	1
WHAMMP4	1
WHRN	1
WNT4	1
WNT8A	1
WNT9A	1
WRN	1
WSPAR	1
WWP1P1	1
WWTR1	1
XAGE3	1
XIST	1
XKR8	1
XKR9	1
XPNPEP3	1
XRCC1	1
XRCC6P1	1
XYLB	1
YBEY	1
YBX1	1
YEATS4	1
YIPF6	1
YJU2	1
YJU2B	1
YTHDF1	1
YTHDF3	1
YWHAZP3	1
YY1-DT	1
ZACN	1
ZAR1L	1
ZBED5-AS1	1
ZBTB10	1
ZBTB12	1
ZBTB17	1
ZBTB34	1
ZBTB38	1
ZBTB40	1
ZBTB42	1
ZBTB47	1
ZBTB6	1
ZBTB7A	1
ZBTB8OS	1
ZC3H12B	1
ZC3H3	1
ZC3H4	1
ZC3HAV1L	1
ZCCHC2	1
ZCCHC24	1
ZCRB1P1	1
ZCWPW1	1
ZDHHC5	1
ZEB1	1
ZEBTR	1
ZER1	1
ZFAND2B	1
ZFAND4	1
ZFAND5	1
ZFAT	1
ZFHX3	1
ZFP14	1
ZFP64P1	1
ZFP91P1	1
ZFPM1	1
ZFPM2-AS1	1
ZFTA	1
ZFYVE16	1
ZFYVE19	1
ZG16B	1
ZGLP1	1
ZIC1	1
ZMYM2	1
ZMYM4	1
ZMYM5	1
ZMYM6	1
ZNF10	1
ZNF101P1	1
ZNF117	1
ZNF121	1
ZNF136	1
ZNF138	1
ZNF141	1
ZNF143-AS1	1
ZNF154	1
ZNF157	1
ZNF181	1
ZNF197	1
ZNF20	1
ZNF202	1
ZNF204P	1
ZNF205	1
ZNF207	1
ZNF212	1
ZNF213	1
ZNF217	1
ZNF217-AS1	1
ZNF22-AS1	1
ZNF226	1
ZNF233	1
ZNF236	1
ZNF236-DT	1
ZNF248	1
ZNF25	1
ZNF250	1
ZNF252P	1
ZNF252P-AS1	1
ZNF256	1
ZNF264	1
ZNF273	1
ZNF277-AS1	1
ZNF280B	1
ZNF280C	1
ZNF282	1
ZNF285	1
ZNF286B	1
ZNF30-AS1	1
ZNF304	1
ZNF316	1
ZNF32	1
ZNF32-AS2	1
ZNF321P	1
ZNF324B	1
ZNF329	1
ZNF335	1
ZNF337-AS1	1
ZNF33B	1
ZNF343	1
ZNF345	1
ZNF354A	1
ZNF355P	1
ZNF365	1
ZNF385D-AS2	1
ZNF391	1
ZNF417	1
ZNF426	1
ZNF428	1
ZNF430	1
ZNF431	1
ZNF433	1
ZNF442	1
ZNF443	1
ZNF444	1
ZNF475	1
ZNF48	1
ZNF483	1
ZNF486	1
ZNF502	1
ZNF503-AS1	1
ZNF506	1
ZNF517	1
ZNF519P1	1
ZNF529	1
ZNF534	1
ZNF540	1
ZNF541	1
ZNF544	1
ZNF549	1
ZNF551	1
ZNF552	1
ZNF558	1
ZNF559	1
ZNF564	1
ZNF565	1
ZNF566-AS1	1
ZNF56P	1
ZNF571	1
ZNF575	1
ZNF581	1
ZNF583	1
ZNF586	1
ZNF587	1
ZNF587B	1
ZNF593	1
ZNF597	1
ZNF598	1
ZNF600	1
ZNF605	1
ZNF610	1
ZNF611	1
ZNF618	1
ZNF621	1
ZNF624	1
ZNF628	1
ZNF630	1
ZNF652	1
ZNF654	1
ZNF660	1
ZNF667	1
ZNF670	1
ZNF671	1
ZNF674-AS1	1
ZNF676	1
ZNF687	1
ZNF688	1
ZNF696	1
ZNF701	1
ZNF708	1
ZNF709	1
ZNF717	1
ZNF718	1
ZNF729	1
ZNF72BP	1
ZNF735	1
ZNF738	1
ZNF73P	1
ZNF747	1
ZNF75A	1
ZNF75D	1
ZNF763	1
ZNF768	1
ZNF772	1
ZNF773	1
ZNF774	1
ZNF777	1
ZNF778	1
ZNF780B	1
ZNF783	1
ZNF787	1
ZNF79	1
ZNF793	1
ZNF793-AS1	1
ZNF804B	1
ZNF807P	1
ZNF81	1
ZNF816	1
ZNF83	1
ZNF839	1
ZNF846	1
ZNF853	1
ZNF862	1
ZNF876P	1
ZNF879	1
ZNF92	1
ZNF93	1
ZNF962P	1
ZNG1A	1
ZNHIT1	1
ZNHIT1P1	1
ZNRD2-DT	1
ZNRF1	1
ZP1	1
ZP3	1
ZPLD2P	1
ZRANB1	1
ZSCAN10	1
ZSCAN16	1
ZSCAN18	1
ZSCAN21	1
ZSCAN23	1
ZSCAN29	1
ZSCAN32	1
ZSWIM3	1
ZSWIM4	1
ZUP1	1
ZWINT	1
ZYG11B	1
